data,ano,mes,dia,dia_semana,semana_ano,trimestre,dia_do_ano,flag_fim_semana,flag_feriado,estacao_climatica
2021-01-01,2021,1,1,4,53,1,1,0,0,CHUVOSA
2021-01-02,2021,1,2,5,53,1,2,1,0,CHUVOSA
2021-01-03,2021,1,3,6,53,1,3,1,0,CHUVOSA
2021-01-04,2021,1,4,0,1,1,4,0,0,CHUVOSA
2021-01-05,2021,1,5,1,1,1,5,0,0,CHUVOSA
2021-01-06,2021,1,6,2,1,1,6,0,0,CHUVOSA
2021-01-07,2021,1,7,3,1,1,7,0,0,CHUVOSA
2021-01-08,2021,1,8,4,1,1,8,0,0,CHUVOSA
2021-01-09,2021,1,9,5,1,1,9,1,0,CHUVOSA
2021-01-10,2021,1,10,6,1,1,10,1,0,CHUVOSA
2021-01-11,2021,1,11,0,2,1,11,0,0,CHUVOSA
2021-01-12,2021,1,12,1,2,1,12,0,0,CHUVOSA
2021-01-13,2021,1,13,2,2,1,13,0,0,CHUVOSA
2021-01-14,2021,1,14,3,2,1,14,0,0,CHUVOSA
2021-01-15,2021,1,15,4,2,1,15,0,0,CHUVOSA
2021-01-16,2021,1,16,5,2,1,16,1,0,CHUVOSA
2021-01-17,2021,1,17,6,2,1,17,1,0,CHUVOSA
2021-01-18,2021,1,18,0,3,1,18,0,0,CHUVOSA
2021-01-19,2021,1,19,1,3,1,19,0,0,CHUVOSA
2021-01-20,2021,1,20,2,3,1,20,0,0,CHUVOSA
2021-01-21,2021,1,21,3,3,1,21,0,0,CHUVOSA
2021-01-22,2021,1,22,4,3,1,22,0,0,CHUVOSA
2021-01-23,2021,1,23,5,3,1,23,1,0,CHUVOSA
2021-01-24,2021,1,24,6,3,1,24,1,0,CHUVOSA
2021-01-25,2021,1,25,0,4,1,25,0,0,CHUVOSA
2021-01-26,2021,1,26,1,4,1,26,0,0,CHUVOSA
2021-01-27,2021,1,27,2,4,1,27,0,0,CHUVOSA
2021-01-28,2021,1,28,3,4,1,28,0,0,CHUVOSA
2021-01-29,2021,1,29,4,4,1,29,0,0,CHUVOSA
2021-01-30,2021,1,30,5,4,1,30,1,0,CHUVOSA
2021-01-31,2021,1,31,6,4,1,31,1,0,CHUVOSA
2021-02-01,2021,2,1,0,5,1,32,0,0,CHUVOSA
2021-02-02,2021,2,2,1,5,1,33,0,0,CHUVOSA
2021-02-03,2021,2,3,2,5,1,34,0,0,CHUVOSA
2021-02-04,2021,2,4,3,5,1,35,0,0,CHUVOSA
2021-02-05,2021,2,5,4,5,1,36,0,0,CHUVOSA
2021-02-06,2021,2,6,5,5,1,37,1,0,CHUVOSA
2021-02-07,2021,2,7,6,5,1,38,1,0,CHUVOSA
2021-02-08,2021,2,8,0,6,1,39,0,0,CHUVOSA
2021-02-09,2021,2,9,1,6,1,40,0,0,CHUVOSA
2021-02-10,2021,2,10,2,6,1,41,0,0,CHUVOSA
2021-02-11,2021,2,11,3,6,1,42,0,0,CHUVOSA
2021-02-12,2021,2,12,4,6,1,43,0,0,CHUVOSA
2021-02-13,2021,2,13,5,6,1,44,1,0,CHUVOSA
2021-02-14,2021,2,14,6,6,1,45,1,0,CHUVOSA
2021-02-15,2021,2,15,0,7,1,46,0,0,CHUVOSA
2021-02-16,2021,2,16,1,7,1,47,0,0,CHUVOSA
2021-02-17,2021,2,17,2,7,1,48,0,0,CHUVOSA
2021-02-18,2021,2,18,3,7,1,49,0,0,CHUVOSA
2021-02-19,2021,2,19,4,7,1,50,0,0,CHUVOSA
2021-02-20,2021,2,20,5,7,1,51,1,0,CHUVOSA
2021-02-21,2021,2,21,6,7,1,52,1,0,CHUVOSA
2021-02-22,2021,2,22,0,8,1,53,0,0,CHUVOSA
2021-02-23,2021,2,23,1,8,1,54,0,0,CHUVOSA
2021-02-24,2021,2,24,2,8,1,55,0,0,CHUVOSA
2021-02-25,2021,2,25,3,8,1,56,0,0,CHUVOSA
2021-02-26,2021,2,26,4,8,1,57,0,0,CHUVOSA
2021-02-27,2021,2,27,5,8,1,58,1,0,CHUVOSA
2021-02-28,2021,2,28,6,8,1,59,1,0,CHUVOSA
2021-03-01,2021,3,1,0,9,1,60,0,0,CHUVOSA
2021-03-02,2021,3,2,1,9,1,61,0,0,CHUVOSA
2021-03-03,2021,3,3,2,9,1,62,0,0,CHUVOSA
2021-03-04,2021,3,4,3,9,1,63,0,0,CHUVOSA
2021-03-05,2021,3,5,4,9,1,64,0,0,CHUVOSA
2021-03-06,2021,3,6,5,9,1,65,1,0,CHUVOSA
2021-03-07,2021,3,7,6,9,1,66,1,0,CHUVOSA
2021-03-08,2021,3,8,0,10,1,67,0,0,CHUVOSA
2021-03-09,2021,3,9,1,10,1,68,0,0,CHUVOSA
2021-03-10,2021,3,10,2,10,1,69,0,0,CHUVOSA
2021-03-11,2021,3,11,3,10,1,70,0,0,CHUVOSA
2021-03-12,2021,3,12,4,10,1,71,0,0,CHUVOSA
2021-03-13,2021,3,13,5,10,1,72,1,0,CHUVOSA
2021-03-14,2021,3,14,6,10,1,73,1,0,CHUVOSA
2021-03-15,2021,3,15,0,11,1,74,0,0,CHUVOSA
2021-03-16,2021,3,16,1,11,1,75,0,0,CHUVOSA
2021-03-17,2021,3,17,2,11,1,76,0,0,CHUVOSA
2021-03-18,2021,3,18,3,11,1,77,0,0,CHUVOSA
2021-03-19,2021,3,19,4,11,1,78,0,0,CHUVOSA
2021-03-20,2021,3,20,5,11,1,79,1,0,CHUVOSA
2021-03-21,2021,3,21,6,11,1,80,1,0,CHUVOSA
2021-03-22,2021,3,22,0,12,1,81,0,0,CHUVOSA
2021-03-23,2021,3,23,1,12,1,82,0,0,CHUVOSA
2021-03-24,2021,3,24,2,12,1,83,0,0,CHUVOSA
2021-03-25,2021,3,25,3,12,1,84,0,0,CHUVOSA
2021-03-26,2021,3,26,4,12,1,85,0,0,CHUVOSA
2021-03-27,2021,3,27,5,12,1,86,1,0,CHUVOSA
2021-03-28,2021,3,28,6,12,1,87,1,0,CHUVOSA
2021-03-29,2021,3,29,0,13,1,88,0,0,CHUVOSA
2021-03-30,2021,3,30,1,13,1,89,0,0,CHUVOSA
2021-03-31,2021,3,31,2,13,1,90,0,0,CHUVOSA
2021-04-01,2021,4,1,3,13,2,91,0,0,TRANSICAO_CHUVA_SECA
2021-04-02,2021,4,2,4,13,2,92,0,0,TRANSICAO_CHUVA_SECA
2021-04-03,2021,4,3,5,13,2,93,1,0,TRANSICAO_CHUVA_SECA
2021-04-04,2021,4,4,6,13,2,94,1,0,TRANSICAO_CHUVA_SECA
2021-04-05,2021,4,5,0,14,2,95,0,0,TRANSICAO_CHUVA_SECA
2021-04-06,2021,4,6,1,14,2,96,0,0,TRANSICAO_CHUVA_SECA
2021-04-07,2021,4,7,2,14,2,97,0,0,TRANSICAO_CHUVA_SECA
2021-04-08,2021,4,8,3,14,2,98,0,0,TRANSICAO_CHUVA_SECA
2021-04-09,2021,4,9,4,14,2,99,0,0,TRANSICAO_CHUVA_SECA
2021-04-10,2021,4,10,5,14,2,100,1,0,TRANSICAO_CHUVA_SECA
2021-04-11,2021,4,11,6,14,2,101,1,0,TRANSICAO_CHUVA_SECA
2021-04-12,2021,4,12,0,15,2,102,0,0,TRANSICAO_CHUVA_SECA
2021-04-13,2021,4,13,1,15,2,103,0,0,TRANSICAO_CHUVA_SECA
2021-04-14,2021,4,14,2,15,2,104,0,0,TRANSICAO_CHUVA_SECA
2021-04-15,2021,4,15,3,15,2,105,0,0,TRANSICAO_CHUVA_SECA
2021-04-16,2021,4,16,4,15,2,106,0,0,TRANSICAO_CHUVA_SECA
2021-04-17,2021,4,17,5,15,2,107,1,0,TRANSICAO_CHUVA_SECA
2021-04-18,2021,4,18,6,15,2,108,1,0,TRANSICAO_CHUVA_SECA
2021-04-19,2021,4,19,0,16,2,109,0,0,TRANSICAO_CHUVA_SECA
2021-04-20,2021,4,20,1,16,2,110,0,0,TRANSICAO_CHUVA_SECA
2021-04-21,2021,4,21,2,16,2,111,0,0,TRANSICAO_CHUVA_SECA
2021-04-22,2021,4,22,3,16,2,112,0,0,TRANSICAO_CHUVA_SECA
2021-04-23,2021,4,23,4,16,2,113,0,0,TRANSICAO_CHUVA_SECA
2021-04-24,2021,4,24,5,16,2,114,1,0,TRANSICAO_CHUVA_SECA
2021-04-25,2021,4,25,6,16,2,115,1,0,TRANSICAO_CHUVA_SECA
2021-04-26,2021,4,26,0,17,2,116,0,0,TRANSICAO_CHUVA_SECA
2021-04-27,2021,4,27,1,17,2,117,0,0,TRANSICAO_CHUVA_SECA
2021-04-28,2021,4,28,2,17,2,118,0,0,TRANSICAO_CHUVA_SECA
2021-04-29,2021,4,29,3,17,2,119,0,0,TRANSICAO_CHUVA_SECA
2021-04-30,2021,4,30,4,17,2,120,0,0,TRANSICAO_CHUVA_SECA
2021-05-01,2021,5,1,5,17,2,121,1,0,SECA
2021-05-02,2021,5,2,6,17,2,122,1,0,SECA
2021-05-03,2021,5,3,0,18,2,123,0,0,SECA
2021-05-04,2021,5,4,1,18,2,124,0,0,SECA
2021-05-05,2021,5,5,2,18,2,125,0,0,SECA
2021-05-06,2021,5,6,3,18,2,126,0,0,SECA
2021-05-07,2021,5,7,4,18,2,127,0,0,SECA
2021-05-08,2021,5,8,5,18,2,128,1,0,SECA
2021-05-09,2021,5,9,6,18,2,129,1,0,SECA
2021-05-10,2021,5,10,0,19,2,130,0,0,SECA
2021-05-11,2021,5,11,1,19,2,131,0,0,SECA
2021-05-12,2021,5,12,2,19,2,132,0,0,SECA
2021-05-13,2021,5,13,3,19,2,133,0,0,SECA
2021-05-14,2021,5,14,4,19,2,134,0,0,SECA
2021-05-15,2021,5,15,5,19,2,135,1,0,SECA
2021-05-16,2021,5,16,6,19,2,136,1,0,SECA
2021-05-17,2021,5,17,0,20,2,137,0,0,SECA
2021-05-18,2021,5,18,1,20,2,138,0,0,SECA
2021-05-19,2021,5,19,2,20,2,139,0,0,SECA
2021-05-20,2021,5,20,3,20,2,140,0,0,SECA
2021-05-21,2021,5,21,4,20,2,141,0,0,SECA
2021-05-22,2021,5,22,5,20,2,142,1,0,SECA
2021-05-23,2021,5,23,6,20,2,143,1,0,SECA
2021-05-24,2021,5,24,0,21,2,144,0,0,SECA
2021-05-25,2021,5,25,1,21,2,145,0,0,SECA
2021-05-26,2021,5,26,2,21,2,146,0,0,SECA
2021-05-27,2021,5,27,3,21,2,147,0,0,SECA
2021-05-28,2021,5,28,4,21,2,148,0,0,SECA
2021-05-29,2021,5,29,5,21,2,149,1,0,SECA
2021-05-30,2021,5,30,6,21,2,150,1,0,SECA
2021-05-31,2021,5,31,0,22,2,151,0,0,SECA
2021-06-01,2021,6,1,1,22,2,152,0,0,SECA
2021-06-02,2021,6,2,2,22,2,153,0,0,SECA
2021-06-03,2021,6,3,3,22,2,154,0,0,SECA
2021-06-04,2021,6,4,4,22,2,155,0,0,SECA
2021-06-05,2021,6,5,5,22,2,156,1,0,SECA
2021-06-06,2021,6,6,6,22,2,157,1,0,SECA
2021-06-07,2021,6,7,0,23,2,158,0,0,SECA
2021-06-08,2021,6,8,1,23,2,159,0,0,SECA
2021-06-09,2021,6,9,2,23,2,160,0,0,SECA
2021-06-10,2021,6,10,3,23,2,161,0,0,SECA
2021-06-11,2021,6,11,4,23,2,162,0,0,SECA
2021-06-12,2021,6,12,5,23,2,163,1,0,SECA
2021-06-13,2021,6,13,6,23,2,164,1,0,SECA
2021-06-14,2021,6,14,0,24,2,165,0,0,SECA
2021-06-15,2021,6,15,1,24,2,166,0,0,SECA
2021-06-16,2021,6,16,2,24,2,167,0,0,SECA
2021-06-17,2021,6,17,3,24,2,168,0,0,SECA
2021-06-18,2021,6,18,4,24,2,169,0,0,SECA
2021-06-19,2021,6,19,5,24,2,170,1,0,SECA
2021-06-20,2021,6,20,6,24,2,171,1,0,SECA
2021-06-21,2021,6,21,0,25,2,172,0,0,SECA
2021-06-22,2021,6,22,1,25,2,173,0,0,SECA
2021-06-23,2021,6,23,2,25,2,174,0,0,SECA
2021-06-24,2021,6,24,3,25,2,175,0,0,SECA
2021-06-25,2021,6,25,4,25,2,176,0,0,SECA
2021-06-26,2021,6,26,5,25,2,177,1,0,SECA
2021-06-27,2021,6,27,6,25,2,178,1,0,SECA
2021-06-28,2021,6,28,0,26,2,179,0,0,SECA
2021-06-29,2021,6,29,1,26,2,180,0,0,SECA
2021-06-30,2021,6,30,2,26,2,181,0,0,SECA
2021-07-01,2021,7,1,3,26,3,182,0,0,SECA
2021-07-02,2021,7,2,4,26,3,183,0,0,SECA
2021-07-03,2021,7,3,5,26,3,184,1,0,SECA
2021-07-04,2021,7,4,6,26,3,185,1,0,SECA
2021-07-05,2021,7,5,0,27,3,186,0,0,SECA
2021-07-06,2021,7,6,1,27,3,187,0,0,SECA
2021-07-07,2021,7,7,2,27,3,188,0,0,SECA
2021-07-08,2021,7,8,3,27,3,189,0,0,SECA
2021-07-09,2021,7,9,4,27,3,190,0,0,SECA
2021-07-10,2021,7,10,5,27,3,191,1,0,SECA
2021-07-11,2021,7,11,6,27,3,192,1,0,SECA
2021-07-12,2021,7,12,0,28,3,193,0,0,SECA
2021-07-13,2021,7,13,1,28,3,194,0,0,SECA
2021-07-14,2021,7,14,2,28,3,195,0,0,SECA
2021-07-15,2021,7,15,3,28,3,196,0,0,SECA
2021-07-16,2021,7,16,4,28,3,197,0,0,SECA
2021-07-17,2021,7,17,5,28,3,198,1,0,SECA
2021-07-18,2021,7,18,6,28,3,199,1,0,SECA
2021-07-19,2021,7,19,0,29,3,200,0,0,SECA
2021-07-20,2021,7,20,1,29,3,201,0,0,SECA
2021-07-21,2021,7,21,2,29,3,202,0,0,SECA
2021-07-22,2021,7,22,3,29,3,203,0,0,SECA
2021-07-23,2021,7,23,4,29,3,204,0,0,SECA
2021-07-24,2021,7,24,5,29,3,205,1,0,SECA
2021-07-25,2021,7,25,6,29,3,206,1,0,SECA
2021-07-26,2021,7,26,0,30,3,207,0,0,SECA
2021-07-27,2021,7,27,1,30,3,208,0,0,SECA
2021-07-28,2021,7,28,2,30,3,209,0,0,SECA
2021-07-29,2021,7,29,3,30,3,210,0,0,SECA
2021-07-30,2021,7,30,4,30,3,211,0,0,SECA
2021-07-31,2021,7,31,5,30,3,212,1,0,SECA
2021-08-01,2021,8,1,6,30,3,213,1,0,SECA
2021-08-02,2021,8,2,0,31,3,214,0,0,SECA
2021-08-03,2021,8,3,1,31,3,215,0,0,SECA
2021-08-04,2021,8,4,2,31,3,216,0,0,SECA
2021-08-05,2021,8,5,3,31,3,217,0,0,SECA
2021-08-06,2021,8,6,4,31,3,218,0,0,SECA
2021-08-07,2021,8,7,5,31,3,219,1,0,SECA
2021-08-08,2021,8,8,6,31,3,220,1,0,SECA
2021-08-09,2021,8,9,0,32,3,221,0,0,SECA
2021-08-10,2021,8,10,1,32,3,222,0,0,SECA
2021-08-11,2021,8,11,2,32,3,223,0,0,SECA
2021-08-12,2021,8,12,3,32,3,224,0,0,SECA
2021-08-13,2021,8,13,4,32,3,225,0,0,SECA
2021-08-14,2021,8,14,5,32,3,226,1,0,SECA
2021-08-15,2021,8,15,6,32,3,227,1,0,SECA
2021-08-16,2021,8,16,0,33,3,228,0,0,SECA
2021-08-17,2021,8,17,1,33,3,229,0,0,SECA
2021-08-18,2021,8,18,2,33,3,230,0,0,SECA
2021-08-19,2021,8,19,3,33,3,231,0,0,SECA
2021-08-20,2021,8,20,4,33,3,232,0,0,SECA
2021-08-21,2021,8,21,5,33,3,233,1,0,SECA
2021-08-22,2021,8,22,6,33,3,234,1,0,SECA
2021-08-23,2021,8,23,0,34,3,235,0,0,SECA
2021-08-24,2021,8,24,1,34,3,236,0,0,SECA
2021-08-25,2021,8,25,2,34,3,237,0,0,SECA
2021-08-26,2021,8,26,3,34,3,238,0,0,SECA
2021-08-27,2021,8,27,4,34,3,239,0,0,SECA
2021-08-28,2021,8,28,5,34,3,240,1,0,SECA
2021-08-29,2021,8,29,6,34,3,241,1,0,SECA
2021-08-30,2021,8,30,0,35,3,242,0,0,SECA
2021-08-31,2021,8,31,1,35,3,243,0,0,SECA
2021-09-01,2021,9,1,2,35,3,244,0,0,SECA
2021-09-02,2021,9,2,3,35,3,245,0,0,SECA
2021-09-03,2021,9,3,4,35,3,246,0,0,SECA
2021-09-04,2021,9,4,5,35,3,247,1,0,SECA
2021-09-05,2021,9,5,6,35,3,248,1,0,SECA
2021-09-06,2021,9,6,0,36,3,249,0,0,SECA
2021-09-07,2021,9,7,1,36,3,250,0,0,SECA
2021-09-08,2021,9,8,2,36,3,251,0,0,SECA
2021-09-09,2021,9,9,3,36,3,252,0,0,SECA
2021-09-10,2021,9,10,4,36,3,253,0,0,SECA
2021-09-11,2021,9,11,5,36,3,254,1,0,SECA
2021-09-12,2021,9,12,6,36,3,255,1,0,SECA
2021-09-13,2021,9,13,0,37,3,256,0,0,SECA
2021-09-14,2021,9,14,1,37,3,257,0,0,SECA
2021-09-15,2021,9,15,2,37,3,258,0,0,SECA
2021-09-16,2021,9,16,3,37,3,259,0,0,SECA
2021-09-17,2021,9,17,4,37,3,260,0,0,SECA
2021-09-18,2021,9,18,5,37,3,261,1,0,SECA
2021-09-19,2021,9,19,6,37,3,262,1,0,SECA
2021-09-20,2021,9,20,0,38,3,263,0,0,SECA
2021-09-21,2021,9,21,1,38,3,264,0,0,SECA
2021-09-22,2021,9,22,2,38,3,265,0,0,SECA
2021-09-23,2021,9,23,3,38,3,266,0,0,SECA
2021-09-24,2021,9,24,4,38,3,267,0,0,SECA
2021-09-25,2021,9,25,5,38,3,268,1,0,SECA
2021-09-26,2021,9,26,6,38,3,269,1,0,SECA
2021-09-27,2021,9,27,0,39,3,270,0,0,SECA
2021-09-28,2021,9,28,1,39,3,271,0,0,SECA
2021-09-29,2021,9,29,2,39,3,272,0,0,SECA
2021-09-30,2021,9,30,3,39,3,273,0,0,SECA
2021-10-01,2021,10,1,4,39,4,274,0,0,TRANSICAO_SECA_CHUVA
2021-10-02,2021,10,2,5,39,4,275,1,0,TRANSICAO_SECA_CHUVA
2021-10-03,2021,10,3,6,39,4,276,1,0,TRANSICAO_SECA_CHUVA
2021-10-04,2021,10,4,0,40,4,277,0,0,TRANSICAO_SECA_CHUVA
2021-10-05,2021,10,5,1,40,4,278,0,0,TRANSICAO_SECA_CHUVA
2021-10-06,2021,10,6,2,40,4,279,0,0,TRANSICAO_SECA_CHUVA
2021-10-07,2021,10,7,3,40,4,280,0,0,TRANSICAO_SECA_CHUVA
2021-10-08,2021,10,8,4,40,4,281,0,0,TRANSICAO_SECA_CHUVA
2021-10-09,2021,10,9,5,40,4,282,1,0,TRANSICAO_SECA_CHUVA
2021-10-10,2021,10,10,6,40,4,283,1,0,TRANSICAO_SECA_CHUVA
2021-10-11,2021,10,11,0,41,4,284,0,0,TRANSICAO_SECA_CHUVA
2021-10-12,2021,10,12,1,41,4,285,0,0,TRANSICAO_SECA_CHUVA
2021-10-13,2021,10,13,2,41,4,286,0,0,TRANSICAO_SECA_CHUVA
2021-10-14,2021,10,14,3,41,4,287,0,0,TRANSICAO_SECA_CHUVA
2021-10-15,2021,10,15,4,41,4,288,0,0,TRANSICAO_SECA_CHUVA
2021-10-16,2021,10,16,5,41,4,289,1,0,TRANSICAO_SECA_CHUVA
2021-10-17,2021,10,17,6,41,4,290,1,0,TRANSICAO_SECA_CHUVA
2021-10-18,2021,10,18,0,42,4,291,0,0,TRANSICAO_SECA_CHUVA
2021-10-19,2021,10,19,1,42,4,292,0,0,TRANSICAO_SECA_CHUVA
2021-10-20,2021,10,20,2,42,4,293,0,0,TRANSICAO_SECA_CHUVA
2021-10-21,2021,10,21,3,42,4,294,0,0,TRANSICAO_SECA_CHUVA
2021-10-22,2021,10,22,4,42,4,295,0,0,TRANSICAO_SECA_CHUVA
2021-10-23,2021,10,23,5,42,4,296,1,0,TRANSICAO_SECA_CHUVA
2021-10-24,2021,10,24,6,42,4,297,1,0,TRANSICAO_SECA_CHUVA
2021-10-25,2021,10,25,0,43,4,298,0,0,TRANSICAO_SECA_CHUVA
2021-10-26,2021,10,26,1,43,4,299,0,0,TRANSICAO_SECA_CHUVA
2021-10-27,2021,10,27,2,43,4,300,0,0,TRANSICAO_SECA_CHUVA
2021-10-28,2021,10,28,3,43,4,301,0,0,TRANSICAO_SECA_CHUVA
2021-10-29,2021,10,29,4,43,4,302,0,0,TRANSICAO_SECA_CHUVA
2021-10-30,2021,10,30,5,43,4,303,1,0,TRANSICAO_SECA_CHUVA
2021-10-31,2021,10,31,6,43,4,304,1,0,TRANSICAO_SECA_CHUVA
2021-11-01,2021,11,1,0,44,4,305,0,0,CHUVOSA
2021-11-02,2021,11,2,1,44,4,306,0,0,CHUVOSA
2021-11-03,2021,11,3,2,44,4,307,0,0,CHUVOSA
2021-11-04,2021,11,4,3,44,4,308,0,0,CHUVOSA
2021-11-05,2021,11,5,4,44,4,309,0,0,CHUVOSA
2021-11-06,2021,11,6,5,44,4,310,1,0,CHUVOSA
2021-11-07,2021,11,7,6,44,4,311,1,0,CHUVOSA
2021-11-08,2021,11,8,0,45,4,312,0,0,CHUVOSA
2021-11-09,2021,11,9,1,45,4,313,0,0,CHUVOSA
2021-11-10,2021,11,10,2,45,4,314,0,0,CHUVOSA
2021-11-11,2021,11,11,3,45,4,315,0,0,CHUVOSA
2021-11-12,2021,11,12,4,45,4,316,0,0,CHUVOSA
2021-11-13,2021,11,13,5,45,4,317,1,0,CHUVOSA
2021-11-14,2021,11,14,6,45,4,318,1,0,CHUVOSA
2021-11-15,2021,11,15,0,46,4,319,0,0,CHUVOSA
2021-11-16,2021,11,16,1,46,4,320,0,0,CHUVOSA
2021-11-17,2021,11,17,2,46,4,321,0,0,CHUVOSA
2021-11-18,2021,11,18,3,46,4,322,0,0,CHUVOSA
2021-11-19,2021,11,19,4,46,4,323,0,0,CHUVOSA
2021-11-20,2021,11,20,5,46,4,324,1,0,CHUVOSA
2021-11-21,2021,11,21,6,46,4,325,1,0,CHUVOSA
2021-11-22,2021,11,22,0,47,4,326,0,0,CHUVOSA
2021-11-23,2021,11,23,1,47,4,327,0,0,CHUVOSA
2021-11-24,2021,11,24,2,47,4,328,0,0,CHUVOSA
2021-11-25,2021,11,25,3,47,4,329,0,0,CHUVOSA
2021-11-26,2021,11,26,4,47,4,330,0,0,CHUVOSA
2021-11-27,2021,11,27,5,47,4,331,1,0,CHUVOSA
2021-11-28,2021,11,28,6,47,4,332,1,0,CHUVOSA
2021-11-29,2021,11,29,0,48,4,333,0,0,CHUVOSA
2021-11-30,2021,11,30,1,48,4,334,0,0,CHUVOSA
2021-12-01,2021,12,1,2,48,4,335,0,0,CHUVOSA
2021-12-02,2021,12,2,3,48,4,336,0,0,CHUVOSA
2021-12-03,2021,12,3,4,48,4,337,0,0,CHUVOSA
2021-12-04,2021,12,4,5,48,4,338,1,0,CHUVOSA
2021-12-05,2021,12,5,6,48,4,339,1,0,CHUVOSA
2021-12-06,2021,12,6,0,49,4,340,0,0,CHUVOSA
2021-12-07,2021,12,7,1,49,4,341,0,0,CHUVOSA
2021-12-08,2021,12,8,2,49,4,342,0,0,CHUVOSA
2021-12-09,2021,12,9,3,49,4,343,0,0,CHUVOSA
2021-12-10,2021,12,10,4,49,4,344,0,0,CHUVOSA
2021-12-11,2021,12,11,5,49,4,345,1,0,CHUVOSA
2021-12-12,2021,12,12,6,49,4,346,1,0,CHUVOSA
2021-12-13,2021,12,13,0,50,4,347,0,0,CHUVOSA
2021-12-14,2021,12,14,1,50,4,348,0,0,CHUVOSA
2021-12-15,2021,12,15,2,50,4,349,0,0,CHUVOSA
2021-12-16,2021,12,16,3,50,4,350,0,0,CHUVOSA
2021-12-17,2021,12,17,4,50,4,351,0,0,CHUVOSA
2021-12-18,2021,12,18,5,50,4,352,1,0,CHUVOSA
2021-12-19,2021,12,19,6,50,4,353,1,0,CHUVOSA
2021-12-20,2021,12,20,0,51,4,354,0,0,CHUVOSA
2021-12-21,2021,12,21,1,51,4,355,0,0,CHUVOSA
2021-12-22,2021,12,22,2,51,4,356,0,0,CHUVOSA
2021-12-23,2021,12,23,3,51,4,357,0,0,CHUVOSA
2021-12-24,2021,12,24,4,51,4,358,0,0,CHUVOSA
2021-12-25,2021,12,25,5,51,4,359,1,0,CHUVOSA
2021-12-26,2021,12,26,6,51,4,360,1,0,CHUVOSA
2021-12-27,2021,12,27,0,52,4,361,0,0,CHUVOSA
2021-12-28,2021,12,28,1,52,4,362,0,0,CHUVOSA
2021-12-29,2021,12,29,2,52,4,363,0,0,CHUVOSA
2021-12-30,2021,12,30,3,52,4,364,0,0,CHUVOSA
2021-12-31,2021,12,31,4,52,4,365,0,0,CHUVOSA
2022-01-01,2022,1,1,5,52,1,1,1,0,CHUVOSA
2022-01-02,2022,1,2,6,52,1,2,1,0,CHUVOSA
2022-01-03,2022,1,3,0,1,1,3,0,0,CHUVOSA
2022-01-04,2022,1,4,1,1,1,4,0,0,CHUVOSA
2022-01-05,2022,1,5,2,1,1,5,0,0,CHUVOSA
2022-01-06,2022,1,6,3,1,1,6,0,0,CHUVOSA
2022-01-07,2022,1,7,4,1,1,7,0,0,CHUVOSA
2022-01-08,2022,1,8,5,1,1,8,1,0,CHUVOSA
2022-01-09,2022,1,9,6,1,1,9,1,0,CHUVOSA
2022-01-10,2022,1,10,0,2,1,10,0,0,CHUVOSA
2022-01-11,2022,1,11,1,2,1,11,0,0,CHUVOSA
2022-01-12,2022,1,12,2,2,1,12,0,0,CHUVOSA
2022-01-13,2022,1,13,3,2,1,13,0,0,CHUVOSA
2022-01-14,2022,1,14,4,2,1,14,0,0,CHUVOSA
2022-01-15,2022,1,15,5,2,1,15,1,0,CHUVOSA
2022-01-16,2022,1,16,6,2,1,16,1,0,CHUVOSA
2022-01-17,2022,1,17,0,3,1,17,0,0,CHUVOSA
2022-01-18,2022,1,18,1,3,1,18,0,0,CHUVOSA
2022-01-19,2022,1,19,2,3,1,19,0,0,CHUVOSA
2022-01-20,2022,1,20,3,3,1,20,0,0,CHUVOSA
2022-01-21,2022,1,21,4,3,1,21,0,0,CHUVOSA
2022-01-22,2022,1,22,5,3,1,22,1,0,CHUVOSA
2022-01-23,2022,1,23,6,3,1,23,1,0,CHUVOSA
2022-01-24,2022,1,24,0,4,1,24,0,0,CHUVOSA
2022-01-25,2022,1,25,1,4,1,25,0,0,CHUVOSA
2022-01-26,2022,1,26,2,4,1,26,0,0,CHUVOSA
2022-01-27,2022,1,27,3,4,1,27,0,0,CHUVOSA
2022-01-28,2022,1,28,4,4,1,28,0,0,CHUVOSA
2022-01-29,2022,1,29,5,4,1,29,1,0,CHUVOSA
2022-01-30,2022,1,30,6,4,1,30,1,0,CHUVOSA
2022-01-31,2022,1,31,0,5,1,31,0,0,CHUVOSA
2022-02-01,2022,2,1,1,5,1,32,0,0,CHUVOSA
2022-02-02,2022,2,2,2,5,1,33,0,0,CHUVOSA
2022-02-03,2022,2,3,3,5,1,34,0,0,CHUVOSA
2022-02-04,2022,2,4,4,5,1,35,0,0,CHUVOSA
2022-02-05,2022,2,5,5,5,1,36,1,0,CHUVOSA
2022-02-06,2022,2,6,6,5,1,37,1,0,CHUVOSA
2022-02-07,2022,2,7,0,6,1,38,0,0,CHUVOSA
2022-02-08,2022,2,8,1,6,1,39,0,0,CHUVOSA
2022-02-09,2022,2,9,2,6,1,40,0,0,CHUVOSA
2022-02-10,2022,2,10,3,6,1,41,0,0,CHUVOSA
2022-02-11,2022,2,11,4,6,1,42,0,0,CHUVOSA
2022-02-12,2022,2,12,5,6,1,43,1,0,CHUVOSA
2022-02-13,2022,2,13,6,6,1,44,1,0,CHUVOSA
2022-02-14,2022,2,14,0,7,1,45,0,0,CHUVOSA
2022-02-15,2022,2,15,1,7,1,46,0,0,CHUVOSA
2022-02-16,2022,2,16,2,7,1,47,0,0,CHUVOSA
2022-02-17,2022,2,17,3,7,1,48,0,0,CHUVOSA
2022-02-18,2022,2,18,4,7,1,49,0,0,CHUVOSA
2022-02-19,2022,2,19,5,7,1,50,1,0,CHUVOSA
2022-02-20,2022,2,20,6,7,1,51,1,0,CHUVOSA
2022-02-21,2022,2,21,0,8,1,52,0,0,CHUVOSA
2022-02-22,2022,2,22,1,8,1,53,0,0,CHUVOSA
2022-02-23,2022,2,23,2,8,1,54,0,0,CHUVOSA
2022-02-24,2022,2,24,3,8,1,55,0,0,CHUVOSA
2022-02-25,2022,2,25,4,8,1,56,0,0,CHUVOSA
2022-02-26,2022,2,26,5,8,1,57,1,0,CHUVOSA
2022-02-27,2022,2,27,6,8,1,58,1,0,CHUVOSA
2022-02-28,2022,2,28,0,9,1,59,0,0,CHUVOSA
2022-03-01,2022,3,1,1,9,1,60,0,0,CHUVOSA
2022-03-02,2022,3,2,2,9,1,61,0,0,CHUVOSA
2022-03-03,2022,3,3,3,9,1,62,0,0,CHUVOSA
2022-03-04,2022,3,4,4,9,1,63,0,0,CHUVOSA
2022-03-05,2022,3,5,5,9,1,64,1,0,CHUVOSA
2022-03-06,2022,3,6,6,9,1,65,1,0,CHUVOSA
2022-03-07,2022,3,7,0,10,1,66,0,0,CHUVOSA
2022-03-08,2022,3,8,1,10,1,67,0,0,CHUVOSA
2022-03-09,2022,3,9,2,10,1,68,0,0,CHUVOSA
2022-03-10,2022,3,10,3,10,1,69,0,0,CHUVOSA
2022-03-11,2022,3,11,4,10,1,70,0,0,CHUVOSA
2022-03-12,2022,3,12,5,10,1,71,1,0,CHUVOSA
2022-03-13,2022,3,13,6,10,1,72,1,0,CHUVOSA
2022-03-14,2022,3,14,0,11,1,73,0,0,CHUVOSA
2022-03-15,2022,3,15,1,11,1,74,0,0,CHUVOSA
2022-03-16,2022,3,16,2,11,1,75,0,0,CHUVOSA
2022-03-17,2022,3,17,3,11,1,76,0,0,CHUVOSA
2022-03-18,2022,3,18,4,11,1,77,0,0,CHUVOSA
2022-03-19,2022,3,19,5,11,1,78,1,0,CHUVOSA
2022-03-20,2022,3,20,6,11,1,79,1,0,CHUVOSA
2022-03-21,2022,3,21,0,12,1,80,0,0,CHUVOSA
2022-03-22,2022,3,22,1,12,1,81,0,0,CHUVOSA
2022-03-23,2022,3,23,2,12,1,82,0,0,CHUVOSA
2022-03-24,2022,3,24,3,12,1,83,0,0,CHUVOSA
2022-03-25,2022,3,25,4,12,1,84,0,0,CHUVOSA
2022-03-26,2022,3,26,5,12,1,85,1,0,CHUVOSA
2022-03-27,2022,3,27,6,12,1,86,1,0,CHUVOSA
2022-03-28,2022,3,28,0,13,1,87,0,0,CHUVOSA
2022-03-29,2022,3,29,1,13,1,88,0,0,CHUVOSA
2022-03-30,2022,3,30,2,13,1,89,0,0,CHUVOSA
2022-03-31,2022,3,31,3,13,1,90,0,0,CHUVOSA
2022-04-01,2022,4,1,4,13,2,91,0,0,TRANSICAO_CHUVA_SECA
2022-04-02,2022,4,2,5,13,2,92,1,0,TRANSICAO_CHUVA_SECA
2022-04-03,2022,4,3,6,13,2,93,1,0,TRANSICAO_CHUVA_SECA
2022-04-04,2022,4,4,0,14,2,94,0,0,TRANSICAO_CHUVA_SECA
2022-04-05,2022,4,5,1,14,2,95,0,0,TRANSICAO_CHUVA_SECA
2022-04-06,2022,4,6,2,14,2,96,0,0,TRANSICAO_CHUVA_SECA
2022-04-07,2022,4,7,3,14,2,97,0,0,TRANSICAO_CHUVA_SECA
2022-04-08,2022,4,8,4,14,2,98,0,0,TRANSICAO_CHUVA_SECA
2022-04-09,2022,4,9,5,14,2,99,1,0,TRANSICAO_CHUVA_SECA
2022-04-10,2022,4,10,6,14,2,100,1,0,TRANSICAO_CHUVA_SECA
2022-04-11,2022,4,11,0,15,2,101,0,0,TRANSICAO_CHUVA_SECA
2022-04-12,2022,4,12,1,15,2,102,0,0,TRANSICAO_CHUVA_SECA
2022-04-13,2022,4,13,2,15,2,103,0,0,TRANSICAO_CHUVA_SECA
2022-04-14,2022,4,14,3,15,2,104,0,0,TRANSICAO_CHUVA_SECA
2022-04-15,2022,4,15,4,15,2,105,0,0,TRANSICAO_CHUVA_SECA
2022-04-16,2022,4,16,5,15,2,106,1,0,TRANSICAO_CHUVA_SECA
2022-04-17,2022,4,17,6,15,2,107,1,0,TRANSICAO_CHUVA_SECA
2022-04-18,2022,4,18,0,16,2,108,0,0,TRANSICAO_CHUVA_SECA
2022-04-19,2022,4,19,1,16,2,109,0,0,TRANSICAO_CHUVA_SECA
2022-04-20,2022,4,20,2,16,2,110,0,0,TRANSICAO_CHUVA_SECA
2022-04-21,2022,4,21,3,16,2,111,0,0,TRANSICAO_CHUVA_SECA
2022-04-22,2022,4,22,4,16,2,112,0,0,TRANSICAO_CHUVA_SECA
2022-04-23,2022,4,23,5,16,2,113,1,0,TRANSICAO_CHUVA_SECA
2022-04-24,2022,4,24,6,16,2,114,1,0,TRANSICAO_CHUVA_SECA
2022-04-25,2022,4,25,0,17,2,115,0,0,TRANSICAO_CHUVA_SECA
2022-04-26,2022,4,26,1,17,2,116,0,0,TRANSICAO_CHUVA_SECA
2022-04-27,2022,4,27,2,17,2,117,0,0,TRANSICAO_CHUVA_SECA
2022-04-28,2022,4,28,3,17,2,118,0,0,TRANSICAO_CHUVA_SECA
2022-04-29,2022,4,29,4,17,2,119,0,0,TRANSICAO_CHUVA_SECA
2022-04-30,2022,4,30,5,17,2,120,1,0,TRANSICAO_CHUVA_SECA
2022-05-01,2022,5,1,6,17,2,121,1,0,SECA
2022-05-02,2022,5,2,0,18,2,122,0,0,SECA
2022-05-03,2022,5,3,1,18,2,123,0,0,SECA
2022-05-04,2022,5,4,2,18,2,124,0,0,SECA
2022-05-05,2022,5,5,3,18,2,125,0,0,SECA
2022-05-06,2022,5,6,4,18,2,126,0,0,SECA
2022-05-07,2022,5,7,5,18,2,127,1,0,SECA
2022-05-08,2022,5,8,6,18,2,128,1,0,SECA
2022-05-09,2022,5,9,0,19,2,129,0,0,SECA
2022-05-10,2022,5,10,1,19,2,130,0,0,SECA
2022-05-11,2022,5,11,2,19,2,131,0,0,SECA
2022-05-12,2022,5,12,3,19,2,132,0,0,SECA
2022-05-13,2022,5,13,4,19,2,133,0,0,SECA
2022-05-14,2022,5,14,5,19,2,134,1,0,SECA
2022-05-15,2022,5,15,6,19,2,135,1,0,SECA
2022-05-16,2022,5,16,0,20,2,136,0,0,SECA
2022-05-17,2022,5,17,1,20,2,137,0,0,SECA
2022-05-18,2022,5,18,2,20,2,138,0,0,SECA
2022-05-19,2022,5,19,3,20,2,139,0,0,SECA
2022-05-20,2022,5,20,4,20,2,140,0,0,SECA
2022-05-21,2022,5,21,5,20,2,141,1,0,SECA
2022-05-22,2022,5,22,6,20,2,142,1,0,SECA
2022-05-23,2022,5,23,0,21,2,143,0,0,SECA
2022-05-24,2022,5,24,1,21,2,144,0,0,SECA
2022-05-25,2022,5,25,2,21,2,145,0,0,SECA
2022-05-26,2022,5,26,3,21,2,146,0,0,SECA
2022-05-27,2022,5,27,4,21,2,147,0,0,SECA
2022-05-28,2022,5,28,5,21,2,148,1,0,SECA
2022-05-29,2022,5,29,6,21,2,149,1,0,SECA
2022-05-30,2022,5,30,0,22,2,150,0,0,SECA
2022-05-31,2022,5,31,1,22,2,151,0,0,SECA
2022-06-01,2022,6,1,2,22,2,152,0,0,SECA
2022-06-02,2022,6,2,3,22,2,153,0,0,SECA
2022-06-03,2022,6,3,4,22,2,154,0,0,SECA
2022-06-04,2022,6,4,5,22,2,155,1,0,SECA
2022-06-05,2022,6,5,6,22,2,156,1,0,SECA
2022-06-06,2022,6,6,0,23,2,157,0,0,SECA
2022-06-07,2022,6,7,1,23,2,158,0,0,SECA
2022-06-08,2022,6,8,2,23,2,159,0,0,SECA
2022-06-09,2022,6,9,3,23,2,160,0,0,SECA
2022-06-10,2022,6,10,4,23,2,161,0,0,SECA
2022-06-11,2022,6,11,5,23,2,162,1,0,SECA
2022-06-12,2022,6,12,6,23,2,163,1,0,SECA
2022-06-13,2022,6,13,0,24,2,164,0,0,SECA
2022-06-14,2022,6,14,1,24,2,165,0,0,SECA
2022-06-15,2022,6,15,2,24,2,166,0,0,SECA
2022-06-16,2022,6,16,3,24,2,167,0,0,SECA
2022-06-17,2022,6,17,4,24,2,168,0,0,SECA
2022-06-18,2022,6,18,5,24,2,169,1,0,SECA
2022-06-19,2022,6,19,6,24,2,170,1,0,SECA
2022-06-20,2022,6,20,0,25,2,171,0,0,SECA
2022-06-21,2022,6,21,1,25,2,172,0,0,SECA
2022-06-22,2022,6,22,2,25,2,173,0,0,SECA
2022-06-23,2022,6,23,3,25,2,174,0,0,SECA
2022-06-24,2022,6,24,4,25,2,175,0,0,SECA
2022-06-25,2022,6,25,5,25,2,176,1,0,SECA
2022-06-26,2022,6,26,6,25,2,177,1,0,SECA
2022-06-27,2022,6,27,0,26,2,178,0,0,SECA
2022-06-28,2022,6,28,1,26,2,179,0,0,SECA
2022-06-29,2022,6,29,2,26,2,180,0,0,SECA
2022-06-30,2022,6,30,3,26,2,181,0,0,SECA
2022-07-01,2022,7,1,4,26,3,182,0,0,SECA
2022-07-02,2022,7,2,5,26,3,183,1,0,SECA
2022-07-03,2022,7,3,6,26,3,184,1,0,SECA
2022-07-04,2022,7,4,0,27,3,185,0,0,SECA
2022-07-05,2022,7,5,1,27,3,186,0,0,SECA
2022-07-06,2022,7,6,2,27,3,187,0,0,SECA
2022-07-07,2022,7,7,3,27,3,188,0,0,SECA
2022-07-08,2022,7,8,4,27,3,189,0,0,SECA
2022-07-09,2022,7,9,5,27,3,190,1,0,SECA
2022-07-10,2022,7,10,6,27,3,191,1,0,SECA
2022-07-11,2022,7,11,0,28,3,192,0,0,SECA
2022-07-12,2022,7,12,1,28,3,193,0,0,SECA
2022-07-13,2022,7,13,2,28,3,194,0,0,SECA
2022-07-14,2022,7,14,3,28,3,195,0,0,SECA
2022-07-15,2022,7,15,4,28,3,196,0,0,SECA
2022-07-16,2022,7,16,5,28,3,197,1,0,SECA
2022-07-17,2022,7,17,6,28,3,198,1,0,SECA
2022-07-18,2022,7,18,0,29,3,199,0,0,SECA
2022-07-19,2022,7,19,1,29,3,200,0,0,SECA
2022-07-20,2022,7,20,2,29,3,201,0,0,SECA
2022-07-21,2022,7,21,3,29,3,202,0,0,SECA
2022-07-22,2022,7,22,4,29,3,203,0,0,SECA
2022-07-23,2022,7,23,5,29,3,204,1,0,SECA
2022-07-24,2022,7,24,6,29,3,205,1,0,SECA
2022-07-25,2022,7,25,0,30,3,206,0,0,SECA
2022-07-26,2022,7,26,1,30,3,207,0,0,SECA
2022-07-27,2022,7,27,2,30,3,208,0,0,SECA
2022-07-28,2022,7,28,3,30,3,209,0,0,SECA
2022-07-29,2022,7,29,4,30,3,210,0,0,SECA
2022-07-30,2022,7,30,5,30,3,211,1,0,SECA
2022-07-31,2022,7,31,6,30,3,212,1,0,SECA
2022-08-01,2022,8,1,0,31,3,213,0,0,SECA
2022-08-02,2022,8,2,1,31,3,214,0,0,SECA
2022-08-03,2022,8,3,2,31,3,215,0,0,SECA
2022-08-04,2022,8,4,3,31,3,216,0,0,SECA
2022-08-05,2022,8,5,4,31,3,217,0,0,SECA
2022-08-06,2022,8,6,5,31,3,218,1,0,SECA
2022-08-07,2022,8,7,6,31,3,219,1,0,SECA
2022-08-08,2022,8,8,0,32,3,220,0,0,SECA
2022-08-09,2022,8,9,1,32,3,221,0,0,SECA
2022-08-10,2022,8,10,2,32,3,222,0,0,SECA
2022-08-11,2022,8,11,3,32,3,223,0,0,SECA
2022-08-12,2022,8,12,4,32,3,224,0,0,SECA
2022-08-13,2022,8,13,5,32,3,225,1,0,SECA
2022-08-14,2022,8,14,6,32,3,226,1,0,SECA
2022-08-15,2022,8,15,0,33,3,227,0,0,SECA
2022-08-16,2022,8,16,1,33,3,228,0,0,SECA
2022-08-17,2022,8,17,2,33,3,229,0,0,SECA
2022-08-18,2022,8,18,3,33,3,230,0,0,SECA
2022-08-19,2022,8,19,4,33,3,231,0,0,SECA
2022-08-20,2022,8,20,5,33,3,232,1,0,SECA
2022-08-21,2022,8,21,6,33,3,233,1,0,SECA
2022-08-22,2022,8,22,0,34,3,234,0,0,SECA
2022-08-23,2022,8,23,1,34,3,235,0,0,SECA
2022-08-24,2022,8,24,2,34,3,236,0,0,SECA
2022-08-25,2022,8,25,3,34,3,237,0,0,SECA
2022-08-26,2022,8,26,4,34,3,238,0,0,SECA
2022-08-27,2022,8,27,5,34,3,239,1,0,SECA
2022-08-28,2022,8,28,6,34,3,240,1,0,SECA
2022-08-29,2022,8,29,0,35,3,241,0,0,SECA
2022-08-30,2022,8,30,1,35,3,242,0,0,SECA
2022-08-31,2022,8,31,2,35,3,243,0,0,SECA
2022-09-01,2022,9,1,3,35,3,244,0,0,SECA
2022-09-02,2022,9,2,4,35,3,245,0,0,SECA
2022-09-03,2022,9,3,5,35,3,246,1,0,SECA
2022-09-04,2022,9,4,6,35,3,247,1,0,SECA
2022-09-05,2022,9,5,0,36,3,248,0,0,SECA
2022-09-06,2022,9,6,1,36,3,249,0,0,SECA
2022-09-07,2022,9,7,2,36,3,250,0,0,SECA
2022-09-08,2022,9,8,3,36,3,251,0,0,SECA
2022-09-09,2022,9,9,4,36,3,252,0,0,SECA
2022-09-10,2022,9,10,5,36,3,253,1,0,SECA
2022-09-11,2022,9,11,6,36,3,254,1,0,SECA
2022-09-12,2022,9,12,0,37,3,255,0,0,SECA
2022-09-13,2022,9,13,1,37,3,256,0,0,SECA
2022-09-14,2022,9,14,2,37,3,257,0,0,SECA
2022-09-15,2022,9,15,3,37,3,258,0,0,SECA
2022-09-16,2022,9,16,4,37,3,259,0,0,SECA
2022-09-17,2022,9,17,5,37,3,260,1,0,SECA
2022-09-18,2022,9,18,6,37,3,261,1,0,SECA
2022-09-19,2022,9,19,0,38,3,262,0,0,SECA
2022-09-20,2022,9,20,1,38,3,263,0,0,SECA
2022-09-21,2022,9,21,2,38,3,264,0,0,SECA
2022-09-22,2022,9,22,3,38,3,265,0,0,SECA
2022-09-23,2022,9,23,4,38,3,266,0,0,SECA
2022-09-24,2022,9,24,5,38,3,267,1,0,SECA
2022-09-25,2022,9,25,6,38,3,268,1,0,SECA
2022-09-26,2022,9,26,0,39,3,269,0,0,SECA
2022-09-27,2022,9,27,1,39,3,270,0,0,SECA
2022-09-28,2022,9,28,2,39,3,271,0,0,SECA
2022-09-29,2022,9,29,3,39,3,272,0,0,SECA
2022-09-30,2022,9,30,4,39,3,273,0,0,SECA
2022-10-01,2022,10,1,5,39,4,274,1,0,TRANSICAO_SECA_CHUVA
2022-10-02,2022,10,2,6,39,4,275,1,0,TRANSICAO_SECA_CHUVA
2022-10-03,2022,10,3,0,40,4,276,0,0,TRANSICAO_SECA_CHUVA
2022-10-04,2022,10,4,1,40,4,277,0,0,TRANSICAO_SECA_CHUVA
2022-10-05,2022,10,5,2,40,4,278,0,0,TRANSICAO_SECA_CHUVA
2022-10-06,2022,10,6,3,40,4,279,0,0,TRANSICAO_SECA_CHUVA
2022-10-07,2022,10,7,4,40,4,280,0,0,TRANSICAO_SECA_CHUVA
2022-10-08,2022,10,8,5,40,4,281,1,0,TRANSICAO_SECA_CHUVA
2022-10-09,2022,10,9,6,40,4,282,1,0,TRANSICAO_SECA_CHUVA
2022-10-10,2022,10,10,0,41,4,283,0,0,TRANSICAO_SECA_CHUVA
2022-10-11,2022,10,11,1,41,4,284,0,0,TRANSICAO_SECA_CHUVA
2022-10-12,2022,10,12,2,41,4,285,0,0,TRANSICAO_SECA_CHUVA
2022-10-13,2022,10,13,3,41,4,286,0,0,TRANSICAO_SECA_CHUVA
2022-10-14,2022,10,14,4,41,4,287,0,0,TRANSICAO_SECA_CHUVA
2022-10-15,2022,10,15,5,41,4,288,1,0,TRANSICAO_SECA_CHUVA
2022-10-16,2022,10,16,6,41,4,289,1,0,TRANSICAO_SECA_CHUVA
2022-10-17,2022,10,17,0,42,4,290,0,0,TRANSICAO_SECA_CHUVA
2022-10-18,2022,10,18,1,42,4,291,0,0,TRANSICAO_SECA_CHUVA
2022-10-19,2022,10,19,2,42,4,292,0,0,TRANSICAO_SECA_CHUVA
2022-10-20,2022,10,20,3,42,4,293,0,0,TRANSICAO_SECA_CHUVA
2022-10-21,2022,10,21,4,42,4,294,0,0,TRANSICAO_SECA_CHUVA
2022-10-22,2022,10,22,5,42,4,295,1,0,TRANSICAO_SECA_CHUVA
2022-10-23,2022,10,23,6,42,4,296,1,0,TRANSICAO_SECA_CHUVA
2022-10-24,2022,10,24,0,43,4,297,0,0,TRANSICAO_SECA_CHUVA
2022-10-25,2022,10,25,1,43,4,298,0,0,TRANSICAO_SECA_CHUVA
2022-10-26,2022,10,26,2,43,4,299,0,0,TRANSICAO_SECA_CHUVA
2022-10-27,2022,10,27,3,43,4,300,0,0,TRANSICAO_SECA_CHUVA
2022-10-28,2022,10,28,4,43,4,301,0,0,TRANSICAO_SECA_CHUVA
2022-10-29,2022,10,29,5,43,4,302,1,0,TRANSICAO_SECA_CHUVA
2022-10-30,2022,10,30,6,43,4,303,1,0,TRANSICAO_SECA_CHUVA
2022-10-31,2022,10,31,0,44,4,304,0,0,TRANSICAO_SECA_CHUVA
2022-11-01,2022,11,1,1,44,4,305,0,0,CHUVOSA
2022-11-02,2022,11,2,2,44,4,306,0,0,CHUVOSA
2022-11-03,2022,11,3,3,44,4,307,0,0,CHUVOSA
2022-11-04,2022,11,4,4,44,4,308,0,0,CHUVOSA
2022-11-05,2022,11,5,5,44,4,309,1,0,CHUVOSA
2022-11-06,2022,11,6,6,44,4,310,1,0,CHUVOSA
2022-11-07,2022,11,7,0,45,4,311,0,0,CHUVOSA
2022-11-08,2022,11,8,1,45,4,312,0,0,CHUVOSA
2022-11-09,2022,11,9,2,45,4,313,0,0,CHUVOSA
2022-11-10,2022,11,10,3,45,4,314,0,0,CHUVOSA
2022-11-11,2022,11,11,4,45,4,315,0,0,CHUVOSA
2022-11-12,2022,11,12,5,45,4,316,1,0,CHUVOSA
2022-11-13,2022,11,13,6,45,4,317,1,0,CHUVOSA
2022-11-14,2022,11,14,0,46,4,318,0,0,CHUVOSA
2022-11-15,2022,11,15,1,46,4,319,0,0,CHUVOSA
2022-11-16,2022,11,16,2,46,4,320,0,0,CHUVOSA
2022-11-17,2022,11,17,3,46,4,321,0,0,CHUVOSA
2022-11-18,2022,11,18,4,46,4,322,0,0,CHUVOSA
2022-11-19,2022,11,19,5,46,4,323,1,0,CHUVOSA
2022-11-20,2022,11,20,6,46,4,324,1,0,CHUVOSA
2022-11-21,2022,11,21,0,47,4,325,0,0,CHUVOSA
2022-11-22,2022,11,22,1,47,4,326,0,0,CHUVOSA
2022-11-23,2022,11,23,2,47,4,327,0,0,CHUVOSA
2022-11-24,2022,11,24,3,47,4,328,0,0,CHUVOSA
2022-11-25,2022,11,25,4,47,4,329,0,0,CHUVOSA
2022-11-26,2022,11,26,5,47,4,330,1,0,CHUVOSA
2022-11-27,2022,11,27,6,47,4,331,1,0,CHUVOSA
2022-11-28,2022,11,28,0,48,4,332,0,0,CHUVOSA
2022-11-29,2022,11,29,1,48,4,333,0,0,CHUVOSA
2022-11-30,2022,11,30,2,48,4,334,0,0,CHUVOSA
2022-12-01,2022,12,1,3,48,4,335,0,0,CHUVOSA
2022-12-02,2022,12,2,4,48,4,336,0,0,CHUVOSA
2022-12-03,2022,12,3,5,48,4,337,1,0,CHUVOSA
2022-12-04,2022,12,4,6,48,4,338,1,0,CHUVOSA
2022-12-05,2022,12,5,0,49,4,339,0,0,CHUVOSA
2022-12-06,2022,12,6,1,49,4,340,0,0,CHUVOSA
2022-12-07,2022,12,7,2,49,4,341,0,0,CHUVOSA
2022-12-08,2022,12,8,3,49,4,342,0,0,CHUVOSA
2022-12-09,2022,12,9,4,49,4,343,0,0,CHUVOSA
2022-12-10,2022,12,10,5,49,4,344,1,0,CHUVOSA
2022-12-11,2022,12,11,6,49,4,345,1,0,CHUVOSA
2022-12-12,2022,12,12,0,50,4,346,0,0,CHUVOSA
2022-12-13,2022,12,13,1,50,4,347,0,0,CHUVOSA
2022-12-14,2022,12,14,2,50,4,348,0,0,CHUVOSA
2022-12-15,2022,12,15,3,50,4,349,0,0,CHUVOSA
2022-12-16,2022,12,16,4,50,4,350,0,0,CHUVOSA
2022-12-17,2022,12,17,5,50,4,351,1,0,CHUVOSA
2022-12-18,2022,12,18,6,50,4,352,1,0,CHUVOSA
2022-12-19,2022,12,19,0,51,4,353,0,0,CHUVOSA
2022-12-20,2022,12,20,1,51,4,354,0,0,CHUVOSA
2022-12-21,2022,12,21,2,51,4,355,0,0,CHUVOSA
2022-12-22,2022,12,22,3,51,4,356,0,0,CHUVOSA
2022-12-23,2022,12,23,4,51,4,357,0,0,CHUVOSA
2022-12-24,2022,12,24,5,51,4,358,1,0,CHUVOSA
2022-12-25,2022,12,25,6,51,4,359,1,0,CHUVOSA
2022-12-26,2022,12,26,0,52,4,360,0,0,CHUVOSA
2022-12-27,2022,12,27,1,52,4,361,0,0,CHUVOSA
2022-12-28,2022,12,28,2,52,4,362,0,0,CHUVOSA
2022-12-29,2022,12,29,3,52,4,363,0,0,CHUVOSA
2022-12-30,2022,12,30,4,52,4,364,0,0,CHUVOSA
2022-12-31,2022,12,31,5,52,4,365,1,0,CHUVOSA
2023-01-01,2023,1,1,6,52,1,1,1,0,CHUVOSA
2023-01-02,2023,1,2,0,1,1,2,0,0,CHUVOSA
2023-01-03,2023,1,3,1,1,1,3,0,0,CHUVOSA
2023-01-04,2023,1,4,2,1,1,4,0,0,CHUVOSA
2023-01-05,2023,1,5,3,1,1,5,0,0,CHUVOSA
2023-01-06,2023,1,6,4,1,1,6,0,0,CHUVOSA
2023-01-07,2023,1,7,5,1,1,7,1,0,CHUVOSA
2023-01-08,2023,1,8,6,1,1,8,1,0,CHUVOSA
2023-01-09,2023,1,9,0,2,1,9,0,0,CHUVOSA
2023-01-10,2023,1,10,1,2,1,10,0,0,CHUVOSA
2023-01-11,2023,1,11,2,2,1,11,0,0,CHUVOSA
2023-01-12,2023,1,12,3,2,1,12,0,0,CHUVOSA
2023-01-13,2023,1,13,4,2,1,13,0,0,CHUVOSA
2023-01-14,2023,1,14,5,2,1,14,1,0,CHUVOSA
2023-01-15,2023,1,15,6,2,1,15,1,0,CHUVOSA
2023-01-16,2023,1,16,0,3,1,16,0,0,CHUVOSA
2023-01-17,2023,1,17,1,3,1,17,0,0,CHUVOSA
2023-01-18,2023,1,18,2,3,1,18,0,0,CHUVOSA
2023-01-19,2023,1,19,3,3,1,19,0,0,CHUVOSA
2023-01-20,2023,1,20,4,3,1,20,0,0,CHUVOSA
2023-01-21,2023,1,21,5,3,1,21,1,0,CHUVOSA
2023-01-22,2023,1,22,6,3,1,22,1,0,CHUVOSA
2023-01-23,2023,1,23,0,4,1,23,0,0,CHUVOSA
2023-01-24,2023,1,24,1,4,1,24,0,0,CHUVOSA
2023-01-25,2023,1,25,2,4,1,25,0,0,CHUVOSA
2023-01-26,2023,1,26,3,4,1,26,0,0,CHUVOSA
2023-01-27,2023,1,27,4,4,1,27,0,0,CHUVOSA
2023-01-28,2023,1,28,5,4,1,28,1,0,CHUVOSA
2023-01-29,2023,1,29,6,4,1,29,1,0,CHUVOSA
2023-01-30,2023,1,30,0,5,1,30,0,0,CHUVOSA
2023-01-31,2023,1,31,1,5,1,31,0,0,CHUVOSA
2023-02-01,2023,2,1,2,5,1,32,0,0,CHUVOSA
2023-02-02,2023,2,2,3,5,1,33,0,0,CHUVOSA
2023-02-03,2023,2,3,4,5,1,34,0,0,CHUVOSA
2023-02-04,2023,2,4,5,5,1,35,1,0,CHUVOSA
2023-02-05,2023,2,5,6,5,1,36,1,0,CHUVOSA
2023-02-06,2023,2,6,0,6,1,37,0,0,CHUVOSA
2023-02-07,2023,2,7,1,6,1,38,0,0,CHUVOSA
2023-02-08,2023,2,8,2,6,1,39,0,0,CHUVOSA
2023-02-09,2023,2,9,3,6,1,40,0,0,CHUVOSA
2023-02-10,2023,2,10,4,6,1,41,0,0,CHUVOSA
2023-02-11,2023,2,11,5,6,1,42,1,0,CHUVOSA
2023-02-12,2023,2,12,6,6,1,43,1,0,CHUVOSA
2023-02-13,2023,2,13,0,7,1,44,0,0,CHUVOSA
2023-02-14,2023,2,14,1,7,1,45,0,0,CHUVOSA
2023-02-15,2023,2,15,2,7,1,46,0,0,CHUVOSA
2023-02-16,2023,2,16,3,7,1,47,0,0,CHUVOSA
2023-02-17,2023,2,17,4,7,1,48,0,0,CHUVOSA
2023-02-18,2023,2,18,5,7,1,49,1,0,CHUVOSA
2023-02-19,2023,2,19,6,7,1,50,1,0,CHUVOSA
2023-02-20,2023,2,20,0,8,1,51,0,0,CHUVOSA
2023-02-21,2023,2,21,1,8,1,52,0,0,CHUVOSA
2023-02-22,2023,2,22,2,8,1,53,0,0,CHUVOSA
2023-02-23,2023,2,23,3,8,1,54,0,0,CHUVOSA
2023-02-24,2023,2,24,4,8,1,55,0,0,CHUVOSA
2023-02-25,2023,2,25,5,8,1,56,1,0,CHUVOSA
2023-02-26,2023,2,26,6,8,1,57,1,0,CHUVOSA
2023-02-27,2023,2,27,0,9,1,58,0,0,CHUVOSA
2023-02-28,2023,2,28,1,9,1,59,0,0,CHUVOSA
2023-03-01,2023,3,1,2,9,1,60,0,0,CHUVOSA
2023-03-02,2023,3,2,3,9,1,61,0,0,CHUVOSA
2023-03-03,2023,3,3,4,9,1,62,0,0,CHUVOSA
2023-03-04,2023,3,4,5,9,1,63,1,0,CHUVOSA
2023-03-05,2023,3,5,6,9,1,64,1,0,CHUVOSA
2023-03-06,2023,3,6,0,10,1,65,0,0,CHUVOSA
2023-03-07,2023,3,7,1,10,1,66,0,0,CHUVOSA
2023-03-08,2023,3,8,2,10,1,67,0,0,CHUVOSA
2023-03-09,2023,3,9,3,10,1,68,0,0,CHUVOSA
2023-03-10,2023,3,10,4,10,1,69,0,0,CHUVOSA
2023-03-11,2023,3,11,5,10,1,70,1,0,CHUVOSA
2023-03-12,2023,3,12,6,10,1,71,1,0,CHUVOSA
2023-03-13,2023,3,13,0,11,1,72,0,0,CHUVOSA
2023-03-14,2023,3,14,1,11,1,73,0,0,CHUVOSA
2023-03-15,2023,3,15,2,11,1,74,0,0,CHUVOSA
2023-03-16,2023,3,16,3,11,1,75,0,0,CHUVOSA
2023-03-17,2023,3,17,4,11,1,76,0,0,CHUVOSA
2023-03-18,2023,3,18,5,11,1,77,1,0,CHUVOSA
2023-03-19,2023,3,19,6,11,1,78,1,0,CHUVOSA
2023-03-20,2023,3,20,0,12,1,79,0,0,CHUVOSA
2023-03-21,2023,3,21,1,12,1,80,0,0,CHUVOSA
2023-03-22,2023,3,22,2,12,1,81,0,0,CHUVOSA
2023-03-23,2023,3,23,3,12,1,82,0,0,CHUVOSA
2023-03-24,2023,3,24,4,12,1,83,0,0,CHUVOSA
2023-03-25,2023,3,25,5,12,1,84,1,0,CHUVOSA
2023-03-26,2023,3,26,6,12,1,85,1,0,CHUVOSA
2023-03-27,2023,3,27,0,13,1,86,0,0,CHUVOSA
2023-03-28,2023,3,28,1,13,1,87,0,0,CHUVOSA
2023-03-29,2023,3,29,2,13,1,88,0,0,CHUVOSA
2023-03-30,2023,3,30,3,13,1,89,0,0,CHUVOSA
2023-03-31,2023,3,31,4,13,1,90,0,0,CHUVOSA
2023-04-01,2023,4,1,5,13,2,91,1,0,TRANSICAO_CHUVA_SECA
2023-04-02,2023,4,2,6,13,2,92,1,0,TRANSICAO_CHUVA_SECA
2023-04-03,2023,4,3,0,14,2,93,0,0,TRANSICAO_CHUVA_SECA
2023-04-04,2023,4,4,1,14,2,94,0,0,TRANSICAO_CHUVA_SECA
2023-04-05,2023,4,5,2,14,2,95,0,0,TRANSICAO_CHUVA_SECA
2023-04-06,2023,4,6,3,14,2,96,0,0,TRANSICAO_CHUVA_SECA
2023-04-07,2023,4,7,4,14,2,97,0,0,TRANSICAO_CHUVA_SECA
2023-04-08,2023,4,8,5,14,2,98,1,0,TRANSICAO_CHUVA_SECA
2023-04-09,2023,4,9,6,14,2,99,1,0,TRANSICAO_CHUVA_SECA
2023-04-10,2023,4,10,0,15,2,100,0,0,TRANSICAO_CHUVA_SECA
2023-04-11,2023,4,11,1,15,2,101,0,0,TRANSICAO_CHUVA_SECA
2023-04-12,2023,4,12,2,15,2,102,0,0,TRANSICAO_CHUVA_SECA
2023-04-13,2023,4,13,3,15,2,103,0,0,TRANSICAO_CHUVA_SECA
2023-04-14,2023,4,14,4,15,2,104,0,0,TRANSICAO_CHUVA_SECA
2023-04-15,2023,4,15,5,15,2,105,1,0,TRANSICAO_CHUVA_SECA
2023-04-16,2023,4,16,6,15,2,106,1,0,TRANSICAO_CHUVA_SECA
2023-04-17,2023,4,17,0,16,2,107,0,0,TRANSICAO_CHUVA_SECA
2023-04-18,2023,4,18,1,16,2,108,0,0,TRANSICAO_CHUVA_SECA
2023-04-19,2023,4,19,2,16,2,109,0,0,TRANSICAO_CHUVA_SECA
2023-04-20,2023,4,20,3,16,2,110,0,0,TRANSICAO_CHUVA_SECA
2023-04-21,2023,4,21,4,16,2,111,0,0,TRANSICAO_CHUVA_SECA
2023-04-22,2023,4,22,5,16,2,112,1,0,TRANSICAO_CHUVA_SECA
2023-04-23,2023,4,23,6,16,2,113,1,0,TRANSICAO_CHUVA_SECA
2023-04-24,2023,4,24,0,17,2,114,0,0,TRANSICAO_CHUVA_SECA
2023-04-25,2023,4,25,1,17,2,115,0,0,TRANSICAO_CHUVA_SECA
2023-04-26,2023,4,26,2,17,2,116,0,0,TRANSICAO_CHUVA_SECA
2023-04-27,2023,4,27,3,17,2,117,0,0,TRANSICAO_CHUVA_SECA
2023-04-28,2023,4,28,4,17,2,118,0,0,TRANSICAO_CHUVA_SECA
2023-04-29,2023,4,29,5,17,2,119,1,0,TRANSICAO_CHUVA_SECA
2023-04-30,2023,4,30,6,17,2,120,1,0,TRANSICAO_CHUVA_SECA
2023-05-01,2023,5,1,0,18,2,121,0,0,SECA
2023-05-02,2023,5,2,1,18,2,122,0,0,SECA
2023-05-03,2023,5,3,2,18,2,123,0,0,SECA
2023-05-04,2023,5,4,3,18,2,124,0,0,SECA
2023-05-05,2023,5,5,4,18,2,125,0,0,SECA
2023-05-06,2023,5,6,5,18,2,126,1,0,SECA
2023-05-07,2023,5,7,6,18,2,127,1,0,SECA
2023-05-08,2023,5,8,0,19,2,128,0,0,SECA
2023-05-09,2023,5,9,1,19,2,129,0,0,SECA
2023-05-10,2023,5,10,2,19,2,130,0,0,SECA
2023-05-11,2023,5,11,3,19,2,131,0,0,SECA
2023-05-12,2023,5,12,4,19,2,132,0,0,SECA
2023-05-13,2023,5,13,5,19,2,133,1,0,SECA
2023-05-14,2023,5,14,6,19,2,134,1,0,SECA
2023-05-15,2023,5,15,0,20,2,135,0,0,SECA
2023-05-16,2023,5,16,1,20,2,136,0,0,SECA
2023-05-17,2023,5,17,2,20,2,137,0,0,SECA
2023-05-18,2023,5,18,3,20,2,138,0,0,SECA
2023-05-19,2023,5,19,4,20,2,139,0,0,SECA
2023-05-20,2023,5,20,5,20,2,140,1,0,SECA
2023-05-21,2023,5,21,6,20,2,141,1,0,SECA
2023-05-22,2023,5,22,0,21,2,142,0,0,SECA
2023-05-23,2023,5,23,1,21,2,143,0,0,SECA
2023-05-24,2023,5,24,2,21,2,144,0,0,SECA
2023-05-25,2023,5,25,3,21,2,145,0,0,SECA
2023-05-26,2023,5,26,4,21,2,146,0,0,SECA
2023-05-27,2023,5,27,5,21,2,147,1,0,SECA
2023-05-28,2023,5,28,6,21,2,148,1,0,SECA
2023-05-29,2023,5,29,0,22,2,149,0,0,SECA
2023-05-30,2023,5,30,1,22,2,150,0,0,SECA
2023-05-31,2023,5,31,2,22,2,151,0,0,SECA
2023-06-01,2023,6,1,3,22,2,152,0,0,SECA
2023-06-02,2023,6,2,4,22,2,153,0,0,SECA
2023-06-03,2023,6,3,5,22,2,154,1,0,SECA
2023-06-04,2023,6,4,6,22,2,155,1,0,SECA
2023-06-05,2023,6,5,0,23,2,156,0,0,SECA
2023-06-06,2023,6,6,1,23,2,157,0,0,SECA
2023-06-07,2023,6,7,2,23,2,158,0,0,SECA
2023-06-08,2023,6,8,3,23,2,159,0,0,SECA
2023-06-09,2023,6,9,4,23,2,160,0,0,SECA
2023-06-10,2023,6,10,5,23,2,161,1,0,SECA
2023-06-11,2023,6,11,6,23,2,162,1,0,SECA
2023-06-12,2023,6,12,0,24,2,163,0,0,SECA
2023-06-13,2023,6,13,1,24,2,164,0,0,SECA
2023-06-14,2023,6,14,2,24,2,165,0,0,SECA
2023-06-15,2023,6,15,3,24,2,166,0,0,SECA
2023-06-16,2023,6,16,4,24,2,167,0,0,SECA
2023-06-17,2023,6,17,5,24,2,168,1,0,SECA
2023-06-18,2023,6,18,6,24,2,169,1,0,SECA
2023-06-19,2023,6,19,0,25,2,170,0,0,SECA
2023-06-20,2023,6,20,1,25,2,171,0,0,SECA
2023-06-21,2023,6,21,2,25,2,172,0,0,SECA
2023-06-22,2023,6,22,3,25,2,173,0,0,SECA
2023-06-23,2023,6,23,4,25,2,174,0,0,SECA
2023-06-24,2023,6,24,5,25,2,175,1,0,SECA
2023-06-25,2023,6,25,6,25,2,176,1,0,SECA
2023-06-26,2023,6,26,0,26,2,177,0,0,SECA
2023-06-27,2023,6,27,1,26,2,178,0,0,SECA
2023-06-28,2023,6,28,2,26,2,179,0,0,SECA
2023-06-29,2023,6,29,3,26,2,180,0,0,SECA
2023-06-30,2023,6,30,4,26,2,181,0,0,SECA
2023-07-01,2023,7,1,5,26,3,182,1,0,SECA
2023-07-02,2023,7,2,6,26,3,183,1,0,SECA
2023-07-03,2023,7,3,0,27,3,184,0,0,SECA
2023-07-04,2023,7,4,1,27,3,185,0,0,SECA
2023-07-05,2023,7,5,2,27,3,186,0,0,SECA
2023-07-06,2023,7,6,3,27,3,187,0,0,SECA
2023-07-07,2023,7,7,4,27,3,188,0,0,SECA
2023-07-08,2023,7,8,5,27,3,189,1,0,SECA
2023-07-09,2023,7,9,6,27,3,190,1,0,SECA
2023-07-10,2023,7,10,0,28,3,191,0,0,SECA
2023-07-11,2023,7,11,1,28,3,192,0,0,SECA
2023-07-12,2023,7,12,2,28,3,193,0,0,SECA
2023-07-13,2023,7,13,3,28,3,194,0,0,SECA
2023-07-14,2023,7,14,4,28,3,195,0,0,SECA
2023-07-15,2023,7,15,5,28,3,196,1,0,SECA
2023-07-16,2023,7,16,6,28,3,197,1,0,SECA
2023-07-17,2023,7,17,0,29,3,198,0,0,SECA
2023-07-18,2023,7,18,1,29,3,199,0,0,SECA
2023-07-19,2023,7,19,2,29,3,200,0,0,SECA
2023-07-20,2023,7,20,3,29,3,201,0,0,SECA
2023-07-21,2023,7,21,4,29,3,202,0,0,SECA
2023-07-22,2023,7,22,5,29,3,203,1,0,SECA
2023-07-23,2023,7,23,6,29,3,204,1,0,SECA
2023-07-24,2023,7,24,0,30,3,205,0,0,SECA
2023-07-25,2023,7,25,1,30,3,206,0,0,SECA
2023-07-26,2023,7,26,2,30,3,207,0,0,SECA
2023-07-27,2023,7,27,3,30,3,208,0,0,SECA
2023-07-28,2023,7,28,4,30,3,209,0,0,SECA
2023-07-29,2023,7,29,5,30,3,210,1,0,SECA
2023-07-30,2023,7,30,6,30,3,211,1,0,SECA
2023-07-31,2023,7,31,0,31,3,212,0,0,SECA
2023-08-01,2023,8,1,1,31,3,213,0,0,SECA
2023-08-02,2023,8,2,2,31,3,214,0,0,SECA
2023-08-03,2023,8,3,3,31,3,215,0,0,SECA
2023-08-04,2023,8,4,4,31,3,216,0,0,SECA
2023-08-05,2023,8,5,5,31,3,217,1,0,SECA
2023-08-06,2023,8,6,6,31,3,218,1,0,SECA
2023-08-07,2023,8,7,0,32,3,219,0,0,SECA
2023-08-08,2023,8,8,1,32,3,220,0,0,SECA
2023-08-09,2023,8,9,2,32,3,221,0,0,SECA
2023-08-10,2023,8,10,3,32,3,222,0,0,SECA
2023-08-11,2023,8,11,4,32,3,223,0,0,SECA
2023-08-12,2023,8,12,5,32,3,224,1,0,SECA
2023-08-13,2023,8,13,6,32,3,225,1,0,SECA
2023-08-14,2023,8,14,0,33,3,226,0,0,SECA
2023-08-15,2023,8,15,1,33,3,227,0,0,SECA
2023-08-16,2023,8,16,2,33,3,228,0,0,SECA
2023-08-17,2023,8,17,3,33,3,229,0,0,SECA
2023-08-18,2023,8,18,4,33,3,230,0,0,SECA
2023-08-19,2023,8,19,5,33,3,231,1,0,SECA
2023-08-20,2023,8,20,6,33,3,232,1,0,SECA
2023-08-21,2023,8,21,0,34,3,233,0,0,SECA
2023-08-22,2023,8,22,1,34,3,234,0,0,SECA
2023-08-23,2023,8,23,2,34,3,235,0,0,SECA
2023-08-24,2023,8,24,3,34,3,236,0,0,SECA
2023-08-25,2023,8,25,4,34,3,237,0,0,SECA
2023-08-26,2023,8,26,5,34,3,238,1,0,SECA
2023-08-27,2023,8,27,6,34,3,239,1,0,SECA
2023-08-28,2023,8,28,0,35,3,240,0,0,SECA
2023-08-29,2023,8,29,1,35,3,241,0,0,SECA
2023-08-30,2023,8,30,2,35,3,242,0,0,SECA
2023-08-31,2023,8,31,3,35,3,243,0,0,SECA
2023-09-01,2023,9,1,4,35,3,244,0,0,SECA
2023-09-02,2023,9,2,5,35,3,245,1,0,SECA
2023-09-03,2023,9,3,6,35,3,246,1,0,SECA
2023-09-04,2023,9,4,0,36,3,247,0,0,SECA
2023-09-05,2023,9,5,1,36,3,248,0,0,SECA
2023-09-06,2023,9,6,2,36,3,249,0,0,SECA
2023-09-07,2023,9,7,3,36,3,250,0,0,SECA
2023-09-08,2023,9,8,4,36,3,251,0,0,SECA
2023-09-09,2023,9,9,5,36,3,252,1,0,SECA
2023-09-10,2023,9,10,6,36,3,253,1,0,SECA
2023-09-11,2023,9,11,0,37,3,254,0,0,SECA
2023-09-12,2023,9,12,1,37,3,255,0,0,SECA
2023-09-13,2023,9,13,2,37,3,256,0,0,SECA
2023-09-14,2023,9,14,3,37,3,257,0,0,SECA
2023-09-15,2023,9,15,4,37,3,258,0,0,SECA
2023-09-16,2023,9,16,5,37,3,259,1,0,SECA
2023-09-17,2023,9,17,6,37,3,260,1,0,SECA
2023-09-18,2023,9,18,0,38,3,261,0,0,SECA
2023-09-19,2023,9,19,1,38,3,262,0,0,SECA
2023-09-20,2023,9,20,2,38,3,263,0,0,SECA
2023-09-21,2023,9,21,3,38,3,264,0,0,SECA
2023-09-22,2023,9,22,4,38,3,265,0,0,SECA
2023-09-23,2023,9,23,5,38,3,266,1,0,SECA
2023-09-24,2023,9,24,6,38,3,267,1,0,SECA
2023-09-25,2023,9,25,0,39,3,268,0,0,SECA
2023-09-26,2023,9,26,1,39,3,269,0,0,SECA
2023-09-27,2023,9,27,2,39,3,270,0,0,SECA
2023-09-28,2023,9,28,3,39,3,271,0,0,SECA
2023-09-29,2023,9,29,4,39,3,272,0,0,SECA
2023-09-30,2023,9,30,5,39,3,273,1,0,SECA
2023-10-01,2023,10,1,6,39,4,274,1,0,TRANSICAO_SECA_CHUVA
2023-10-02,2023,10,2,0,40,4,275,0,0,TRANSICAO_SECA_CHUVA
2023-10-03,2023,10,3,1,40,4,276,0,0,TRANSICAO_SECA_CHUVA
2023-10-04,2023,10,4,2,40,4,277,0,0,TRANSICAO_SECA_CHUVA
2023-10-05,2023,10,5,3,40,4,278,0,0,TRANSICAO_SECA_CHUVA
2023-10-06,2023,10,6,4,40,4,279,0,0,TRANSICAO_SECA_CHUVA
2023-10-07,2023,10,7,5,40,4,280,1,0,TRANSICAO_SECA_CHUVA
2023-10-08,2023,10,8,6,40,4,281,1,0,TRANSICAO_SECA_CHUVA
2023-10-09,2023,10,9,0,41,4,282,0,0,TRANSICAO_SECA_CHUVA
2023-10-10,2023,10,10,1,41,4,283,0,0,TRANSICAO_SECA_CHUVA
2023-10-11,2023,10,11,2,41,4,284,0,0,TRANSICAO_SECA_CHUVA
2023-10-12,2023,10,12,3,41,4,285,0,0,TRANSICAO_SECA_CHUVA
2023-10-13,2023,10,13,4,41,4,286,0,0,TRANSICAO_SECA_CHUVA
2023-10-14,2023,10,14,5,41,4,287,1,0,TRANSICAO_SECA_CHUVA
2023-10-15,2023,10,15,6,41,4,288,1,0,TRANSICAO_SECA_CHUVA
2023-10-16,2023,10,16,0,42,4,289,0,0,TRANSICAO_SECA_CHUVA
2023-10-17,2023,10,17,1,42,4,290,0,0,TRANSICAO_SECA_CHUVA
2023-10-18,2023,10,18,2,42,4,291,0,0,TRANSICAO_SECA_CHUVA
2023-10-19,2023,10,19,3,42,4,292,0,0,TRANSICAO_SECA_CHUVA
2023-10-20,2023,10,20,4,42,4,293,0,0,TRANSICAO_SECA_CHUVA
2023-10-21,2023,10,21,5,42,4,294,1,0,TRANSICAO_SECA_CHUVA
2023-10-22,2023,10,22,6,42,4,295,1,0,TRANSICAO_SECA_CHUVA
2023-10-23,2023,10,23,0,43,4,296,0,0,TRANSICAO_SECA_CHUVA
2023-10-24,2023,10,24,1,43,4,297,0,0,TRANSICAO_SECA_CHUVA
2023-10-25,2023,10,25,2,43,4,298,0,0,TRANSICAO_SECA_CHUVA
2023-10-26,2023,10,26,3,43,4,299,0,0,TRANSICAO_SECA_CHUVA
2023-10-27,2023,10,27,4,43,4,300,0,0,TRANSICAO_SECA_CHUVA
2023-10-28,2023,10,28,5,43,4,301,1,0,TRANSICAO_SECA_CHUVA
2023-10-29,2023,10,29,6,43,4,302,1,0,TRANSICAO_SECA_CHUVA
2023-10-30,2023,10,30,0,44,4,303,0,0,TRANSICAO_SECA_CHUVA
2023-10-31,2023,10,31,1,44,4,304,0,0,TRANSICAO_SECA_CHUVA
2023-11-01,2023,11,1,2,44,4,305,0,0,CHUVOSA
2023-11-02,2023,11,2,3,44,4,306,0,0,CHUVOSA
2023-11-03,2023,11,3,4,44,4,307,0,0,CHUVOSA
2023-11-04,2023,11,4,5,44,4,308,1,0,CHUVOSA
2023-11-05,2023,11,5,6,44,4,309,1,0,CHUVOSA
2023-11-06,2023,11,6,0,45,4,310,0,0,CHUVOSA
2023-11-07,2023,11,7,1,45,4,311,0,0,CHUVOSA
2023-11-08,2023,11,8,2,45,4,312,0,0,CHUVOSA
2023-11-09,2023,11,9,3,45,4,313,0,0,CHUVOSA
2023-11-10,2023,11,10,4,45,4,314,0,0,CHUVOSA
2023-11-11,2023,11,11,5,45,4,315,1,0,CHUVOSA
2023-11-12,2023,11,12,6,45,4,316,1,0,CHUVOSA
2023-11-13,2023,11,13,0,46,4,317,0,0,CHUVOSA
2023-11-14,2023,11,14,1,46,4,318,0,0,CHUVOSA
2023-11-15,2023,11,15,2,46,4,319,0,0,CHUVOSA
2023-11-16,2023,11,16,3,46,4,320,0,0,CHUVOSA
2023-11-17,2023,11,17,4,46,4,321,0,0,CHUVOSA
2023-11-18,2023,11,18,5,46,4,322,1,0,CHUVOSA
2023-11-19,2023,11,19,6,46,4,323,1,0,CHUVOSA
2023-11-20,2023,11,20,0,47,4,324,0,0,CHUVOSA
2023-11-21,2023,11,21,1,47,4,325,0,0,CHUVOSA
2023-11-22,2023,11,22,2,47,4,326,0,0,CHUVOSA
2023-11-23,2023,11,23,3,47,4,327,0,0,CHUVOSA
2023-11-24,2023,11,24,4,47,4,328,0,0,CHUVOSA
2023-11-25,2023,11,25,5,47,4,329,1,0,CHUVOSA
2023-11-26,2023,11,26,6,47,4,330,1,0,CHUVOSA
2023-11-27,2023,11,27,0,48,4,331,0,0,CHUVOSA
2023-11-28,2023,11,28,1,48,4,332,0,0,CHUVOSA
2023-11-29,2023,11,29,2,48,4,333,0,0,CHUVOSA
2023-11-30,2023,11,30,3,48,4,334,0,0,CHUVOSA
2023-12-01,2023,12,1,4,48,4,335,0,0,CHUVOSA
2023-12-02,2023,12,2,5,48,4,336,1,0,CHUVOSA
2023-12-03,2023,12,3,6,48,4,337,1,0,CHUVOSA
2023-12-04,2023,12,4,0,49,4,338,0,0,CHUVOSA
2023-12-05,2023,12,5,1,49,4,339,0,0,CHUVOSA
2023-12-06,2023,12,6,2,49,4,340,0,0,CHUVOSA
2023-12-07,2023,12,7,3,49,4,341,0,0,CHUVOSA
2023-12-08,2023,12,8,4,49,4,342,0,0,CHUVOSA
2023-12-09,2023,12,9,5,49,4,343,1,0,CHUVOSA
2023-12-10,2023,12,10,6,49,4,344,1,0,CHUVOSA
2023-12-11,2023,12,11,0,50,4,345,0,0,CHUVOSA
2023-12-12,2023,12,12,1,50,4,346,0,0,CHUVOSA
2023-12-13,2023,12,13,2,50,4,347,0,0,CHUVOSA
2023-12-14,2023,12,14,3,50,4,348,0,0,CHUVOSA
2023-12-15,2023,12,15,4,50,4,349,0,0,CHUVOSA
2023-12-16,2023,12,16,5,50,4,350,1,0,CHUVOSA
2023-12-17,2023,12,17,6,50,4,351,1,0,CHUVOSA
2023-12-18,2023,12,18,0,51,4,352,0,0,CHUVOSA
2023-12-19,2023,12,19,1,51,4,353,0,0,CHUVOSA
2023-12-20,2023,12,20,2,51,4,354,0,0,CHUVOSA
2023-12-21,2023,12,21,3,51,4,355,0,0,CHUVOSA
2023-12-22,2023,12,22,4,51,4,356,0,0,CHUVOSA
2023-12-23,2023,12,23,5,51,4,357,1,0,CHUVOSA
2023-12-24,2023,12,24,6,51,4,358,1,0,CHUVOSA
2023-12-25,2023,12,25,0,52,4,359,0,0,CHUVOSA
2023-12-26,2023,12,26,1,52,4,360,0,0,CHUVOSA
2023-12-27,2023,12,27,2,52,4,361,0,0,CHUVOSA
2023-12-28,2023,12,28,3,52,4,362,0,0,CHUVOSA
2023-12-29,2023,12,29,4,52,4,363,0,0,CHUVOSA
2023-12-30,2023,12,30,5,52,4,364,1,0,CHUVOSA
2023-12-31,2023,12,31,6,52,4,365,1,0,CHUVOSA
2024-01-01,2024,1,1,0,1,1,1,0,0,CHUVOSA
2024-01-02,2024,1,2,1,1,1,2,0,0,CHUVOSA
2024-01-03,2024,1,3,2,1,1,3,0,0,CHUVOSA
2024-01-04,2024,1,4,3,1,1,4,0,0,CHUVOSA
2024-01-05,2024,1,5,4,1,1,5,0,0,CHUVOSA
2024-01-06,2024,1,6,5,1,1,6,1,0,CHUVOSA
2024-01-07,2024,1,7,6,1,1,7,1,0,CHUVOSA
2024-01-08,2024,1,8,0,2,1,8,0,0,CHUVOSA
2024-01-09,2024,1,9,1,2,1,9,0,0,CHUVOSA
2024-01-10,2024,1,10,2,2,1,10,0,0,CHUVOSA
2024-01-11,2024,1,11,3,2,1,11,0,0,CHUVOSA
2024-01-12,2024,1,12,4,2,1,12,0,0,CHUVOSA
2024-01-13,2024,1,13,5,2,1,13,1,0,CHUVOSA
2024-01-14,2024,1,14,6,2,1,14,1,0,CHUVOSA
2024-01-15,2024,1,15,0,3,1,15,0,0,CHUVOSA
2024-01-16,2024,1,16,1,3,1,16,0,0,CHUVOSA
2024-01-17,2024,1,17,2,3,1,17,0,0,CHUVOSA
2024-01-18,2024,1,18,3,3,1,18,0,0,CHUVOSA
2024-01-19,2024,1,19,4,3,1,19,0,0,CHUVOSA
2024-01-20,2024,1,20,5,3,1,20,1,0,CHUVOSA
2024-01-21,2024,1,21,6,3,1,21,1,0,CHUVOSA
2024-01-22,2024,1,22,0,4,1,22,0,0,CHUVOSA
2024-01-23,2024,1,23,1,4,1,23,0,0,CHUVOSA
2024-01-24,2024,1,24,2,4,1,24,0,0,CHUVOSA
2024-01-25,2024,1,25,3,4,1,25,0,0,CHUVOSA
2024-01-26,2024,1,26,4,4,1,26,0,0,CHUVOSA
2024-01-27,2024,1,27,5,4,1,27,1,0,CHUVOSA
2024-01-28,2024,1,28,6,4,1,28,1,0,CHUVOSA
2024-01-29,2024,1,29,0,5,1,29,0,0,CHUVOSA
2024-01-30,2024,1,30,1,5,1,30,0,0,CHUVOSA
2024-01-31,2024,1,31,2,5,1,31,0,0,CHUVOSA
2024-02-01,2024,2,1,3,5,1,32,0,0,CHUVOSA
2024-02-02,2024,2,2,4,5,1,33,0,0,CHUVOSA
2024-02-03,2024,2,3,5,5,1,34,1,0,CHUVOSA
2024-02-04,2024,2,4,6,5,1,35,1,0,CHUVOSA
2024-02-05,2024,2,5,0,6,1,36,0,0,CHUVOSA
2024-02-06,2024,2,6,1,6,1,37,0,0,CHUVOSA
2024-02-07,2024,2,7,2,6,1,38,0,0,CHUVOSA
2024-02-08,2024,2,8,3,6,1,39,0,0,CHUVOSA
2024-02-09,2024,2,9,4,6,1,40,0,0,CHUVOSA
2024-02-10,2024,2,10,5,6,1,41,1,0,CHUVOSA
2024-02-11,2024,2,11,6,6,1,42,1,0,CHUVOSA
2024-02-12,2024,2,12,0,7,1,43,0,0,CHUVOSA
2024-02-13,2024,2,13,1,7,1,44,0,0,CHUVOSA
2024-02-14,2024,2,14,2,7,1,45,0,0,CHUVOSA
2024-02-15,2024,2,15,3,7,1,46,0,0,CHUVOSA
2024-02-16,2024,2,16,4,7,1,47,0,0,CHUVOSA
2024-02-17,2024,2,17,5,7,1,48,1,0,CHUVOSA
2024-02-18,2024,2,18,6,7,1,49,1,0,CHUVOSA
2024-02-19,2024,2,19,0,8,1,50,0,0,CHUVOSA
2024-02-20,2024,2,20,1,8,1,51,0,0,CHUVOSA
2024-02-21,2024,2,21,2,8,1,52,0,0,CHUVOSA
2024-02-22,2024,2,22,3,8,1,53,0,0,CHUVOSA
2024-02-23,2024,2,23,4,8,1,54,0,0,CHUVOSA
2024-02-24,2024,2,24,5,8,1,55,1,0,CHUVOSA
2024-02-25,2024,2,25,6,8,1,56,1,0,CHUVOSA
2024-02-26,2024,2,26,0,9,1,57,0,0,CHUVOSA
2024-02-27,2024,2,27,1,9,1,58,0,0,CHUVOSA
2024-02-28,2024,2,28,2,9,1,59,0,0,CHUVOSA
2024-02-29,2024,2,29,3,9,1,60,0,0,CHUVOSA
2024-03-01,2024,3,1,4,9,1,61,0,0,CHUVOSA
2024-03-02,2024,3,2,5,9,1,62,1,0,CHUVOSA
2024-03-03,2024,3,3,6,9,1,63,1,0,CHUVOSA
2024-03-04,2024,3,4,0,10,1,64,0,0,CHUVOSA
2024-03-05,2024,3,5,1,10,1,65,0,0,CHUVOSA
2024-03-06,2024,3,6,2,10,1,66,0,0,CHUVOSA
2024-03-07,2024,3,7,3,10,1,67,0,0,CHUVOSA
2024-03-08,2024,3,8,4,10,1,68,0,0,CHUVOSA
2024-03-09,2024,3,9,5,10,1,69,1,0,CHUVOSA
2024-03-10,2024,3,10,6,10,1,70,1,0,CHUVOSA
2024-03-11,2024,3,11,0,11,1,71,0,0,CHUVOSA
2024-03-12,2024,3,12,1,11,1,72,0,0,CHUVOSA
2024-03-13,2024,3,13,2,11,1,73,0,0,CHUVOSA
2024-03-14,2024,3,14,3,11,1,74,0,0,CHUVOSA
2024-03-15,2024,3,15,4,11,1,75,0,0,CHUVOSA
2024-03-16,2024,3,16,5,11,1,76,1,0,CHUVOSA
2024-03-17,2024,3,17,6,11,1,77,1,0,CHUVOSA
2024-03-18,2024,3,18,0,12,1,78,0,0,CHUVOSA
2024-03-19,2024,3,19,1,12,1,79,0,0,CHUVOSA
2024-03-20,2024,3,20,2,12,1,80,0,0,CHUVOSA
2024-03-21,2024,3,21,3,12,1,81,0,0,CHUVOSA
2024-03-22,2024,3,22,4,12,1,82,0,0,CHUVOSA
2024-03-23,2024,3,23,5,12,1,83,1,0,CHUVOSA
2024-03-24,2024,3,24,6,12,1,84,1,0,CHUVOSA
2024-03-25,2024,3,25,0,13,1,85,0,0,CHUVOSA
2024-03-26,2024,3,26,1,13,1,86,0,0,CHUVOSA
2024-03-27,2024,3,27,2,13,1,87,0,0,CHUVOSA
2024-03-28,2024,3,28,3,13,1,88,0,0,CHUVOSA
2024-03-29,2024,3,29,4,13,1,89,0,0,CHUVOSA
2024-03-30,2024,3,30,5,13,1,90,1,0,CHUVOSA
2024-03-31,2024,3,31,6,13,1,91,1,0,CHUVOSA
2024-04-01,2024,4,1,0,14,2,92,0,0,TRANSICAO_CHUVA_SECA
2024-04-02,2024,4,2,1,14,2,93,0,0,TRANSICAO_CHUVA_SECA
2024-04-03,2024,4,3,2,14,2,94,0,0,TRANSICAO_CHUVA_SECA
2024-04-04,2024,4,4,3,14,2,95,0,0,TRANSICAO_CHUVA_SECA
2024-04-05,2024,4,5,4,14,2,96,0,0,TRANSICAO_CHUVA_SECA
2024-04-06,2024,4,6,5,14,2,97,1,0,TRANSICAO_CHUVA_SECA
2024-04-07,2024,4,7,6,14,2,98,1,0,TRANSICAO_CHUVA_SECA
2024-04-08,2024,4,8,0,15,2,99,0,0,TRANSICAO_CHUVA_SECA
2024-04-09,2024,4,9,1,15,2,100,0,0,TRANSICAO_CHUVA_SECA
2024-04-10,2024,4,10,2,15,2,101,0,0,TRANSICAO_CHUVA_SECA
2024-04-11,2024,4,11,3,15,2,102,0,0,TRANSICAO_CHUVA_SECA
2024-04-12,2024,4,12,4,15,2,103,0,0,TRANSICAO_CHUVA_SECA
2024-04-13,2024,4,13,5,15,2,104,1,0,TRANSICAO_CHUVA_SECA
2024-04-14,2024,4,14,6,15,2,105,1,0,TRANSICAO_CHUVA_SECA
2024-04-15,2024,4,15,0,16,2,106,0,0,TRANSICAO_CHUVA_SECA
2024-04-16,2024,4,16,1,16,2,107,0,0,TRANSICAO_CHUVA_SECA
2024-04-17,2024,4,17,2,16,2,108,0,0,TRANSICAO_CHUVA_SECA
2024-04-18,2024,4,18,3,16,2,109,0,0,TRANSICAO_CHUVA_SECA
2024-04-19,2024,4,19,4,16,2,110,0,0,TRANSICAO_CHUVA_SECA
2024-04-20,2024,4,20,5,16,2,111,1,0,TRANSICAO_CHUVA_SECA
2024-04-21,2024,4,21,6,16,2,112,1,0,TRANSICAO_CHUVA_SECA
2024-04-22,2024,4,22,0,17,2,113,0,0,TRANSICAO_CHUVA_SECA
2024-04-23,2024,4,23,1,17,2,114,0,0,TRANSICAO_CHUVA_SECA
2024-04-24,2024,4,24,2,17,2,115,0,0,TRANSICAO_CHUVA_SECA
2024-04-25,2024,4,25,3,17,2,116,0,0,TRANSICAO_CHUVA_SECA
2024-04-26,2024,4,26,4,17,2,117,0,0,TRANSICAO_CHUVA_SECA
2024-04-27,2024,4,27,5,17,2,118,1,0,TRANSICAO_CHUVA_SECA
2024-04-28,2024,4,28,6,17,2,119,1,0,TRANSICAO_CHUVA_SECA
2024-04-29,2024,4,29,0,18,2,120,0,0,TRANSICAO_CHUVA_SECA
2024-04-30,2024,4,30,1,18,2,121,0,0,TRANSICAO_CHUVA_SECA
2024-05-01,2024,5,1,2,18,2,122,0,0,SECA
2024-05-02,2024,5,2,3,18,2,123,0,0,SECA
2024-05-03,2024,5,3,4,18,2,124,0,0,SECA
2024-05-04,2024,5,4,5,18,2,125,1,0,SECA
2024-05-05,2024,5,5,6,18,2,126,1,0,SECA
2024-05-06,2024,5,6,0,19,2,127,0,0,SECA
2024-05-07,2024,5,7,1,19,2,128,0,0,SECA
2024-05-08,2024,5,8,2,19,2,129,0,0,SECA
2024-05-09,2024,5,9,3,19,2,130,0,0,SECA
2024-05-10,2024,5,10,4,19,2,131,0,0,SECA
2024-05-11,2024,5,11,5,19,2,132,1,0,SECA
2024-05-12,2024,5,12,6,19,2,133,1,0,SECA
2024-05-13,2024,5,13,0,20,2,134,0,0,SECA
2024-05-14,2024,5,14,1,20,2,135,0,0,SECA
2024-05-15,2024,5,15,2,20,2,136,0,0,SECA
2024-05-16,2024,5,16,3,20,2,137,0,0,SECA
2024-05-17,2024,5,17,4,20,2,138,0,0,SECA
2024-05-18,2024,5,18,5,20,2,139,1,0,SECA
2024-05-19,2024,5,19,6,20,2,140,1,0,SECA
2024-05-20,2024,5,20,0,21,2,141,0,0,SECA
2024-05-21,2024,5,21,1,21,2,142,0,0,SECA
2024-05-22,2024,5,22,2,21,2,143,0,0,SECA
2024-05-23,2024,5,23,3,21,2,144,0,0,SECA
2024-05-24,2024,5,24,4,21,2,145,0,0,SECA
2024-05-25,2024,5,25,5,21,2,146,1,0,SECA
2024-05-26,2024,5,26,6,21,2,147,1,0,SECA
2024-05-27,2024,5,27,0,22,2,148,0,0,SECA
2024-05-28,2024,5,28,1,22,2,149,0,0,SECA
2024-05-29,2024,5,29,2,22,2,150,0,0,SECA
2024-05-30,2024,5,30,3,22,2,151,0,0,SECA
2024-05-31,2024,5,31,4,22,2,152,0,0,SECA
2024-06-01,2024,6,1,5,22,2,153,1,0,SECA
2024-06-02,2024,6,2,6,22,2,154,1,0,SECA
2024-06-03,2024,6,3,0,23,2,155,0,0,SECA
2024-06-04,2024,6,4,1,23,2,156,0,0,SECA
2024-06-05,2024,6,5,2,23,2,157,0,0,SECA
2024-06-06,2024,6,6,3,23,2,158,0,0,SECA
2024-06-07,2024,6,7,4,23,2,159,0,0,SECA
2024-06-08,2024,6,8,5,23,2,160,1,0,SECA
2024-06-09,2024,6,9,6,23,2,161,1,0,SECA
2024-06-10,2024,6,10,0,24,2,162,0,0,SECA
2024-06-11,2024,6,11,1,24,2,163,0,0,SECA
2024-06-12,2024,6,12,2,24,2,164,0,0,SECA
2024-06-13,2024,6,13,3,24,2,165,0,0,SECA
2024-06-14,2024,6,14,4,24,2,166,0,0,SECA
2024-06-15,2024,6,15,5,24,2,167,1,0,SECA
2024-06-16,2024,6,16,6,24,2,168,1,0,SECA
2024-06-17,2024,6,17,0,25,2,169,0,0,SECA
2024-06-18,2024,6,18,1,25,2,170,0,0,SECA
2024-06-19,2024,6,19,2,25,2,171,0,0,SECA
2024-06-20,2024,6,20,3,25,2,172,0,0,SECA
2024-06-21,2024,6,21,4,25,2,173,0,0,SECA
2024-06-22,2024,6,22,5,25,2,174,1,0,SECA
2024-06-23,2024,6,23,6,25,2,175,1,0,SECA
2024-06-24,2024,6,24,0,26,2,176,0,0,SECA
2024-06-25,2024,6,25,1,26,2,177,0,0,SECA
2024-06-26,2024,6,26,2,26,2,178,0,0,SECA
2024-06-27,2024,6,27,3,26,2,179,0,0,SECA
2024-06-28,2024,6,28,4,26,2,180,0,0,SECA
2024-06-29,2024,6,29,5,26,2,181,1,0,SECA
2024-06-30,2024,6,30,6,26,2,182,1,0,SECA
2024-07-01,2024,7,1,0,27,3,183,0,0,SECA
2024-07-02,2024,7,2,1,27,3,184,0,0,SECA
2024-07-03,2024,7,3,2,27,3,185,0,0,SECA
2024-07-04,2024,7,4,3,27,3,186,0,0,SECA
2024-07-05,2024,7,5,4,27,3,187,0,0,SECA
2024-07-06,2024,7,6,5,27,3,188,1,0,SECA
2024-07-07,2024,7,7,6,27,3,189,1,0,SECA
2024-07-08,2024,7,8,0,28,3,190,0,0,SECA
2024-07-09,2024,7,9,1,28,3,191,0,0,SECA
2024-07-10,2024,7,10,2,28,3,192,0,0,SECA
2024-07-11,2024,7,11,3,28,3,193,0,0,SECA
2024-07-12,2024,7,12,4,28,3,194,0,0,SECA
2024-07-13,2024,7,13,5,28,3,195,1,0,SECA
2024-07-14,2024,7,14,6,28,3,196,1,0,SECA
2024-07-15,2024,7,15,0,29,3,197,0,0,SECA
2024-07-16,2024,7,16,1,29,3,198,0,0,SECA
2024-07-17,2024,7,17,2,29,3,199,0,0,SECA
2024-07-18,2024,7,18,3,29,3,200,0,0,SECA
2024-07-19,2024,7,19,4,29,3,201,0,0,SECA
2024-07-20,2024,7,20,5,29,3,202,1,0,SECA
2024-07-21,2024,7,21,6,29,3,203,1,0,SECA
2024-07-22,2024,7,22,0,30,3,204,0,0,SECA
2024-07-23,2024,7,23,1,30,3,205,0,0,SECA
2024-07-24,2024,7,24,2,30,3,206,0,0,SECA
2024-07-25,2024,7,25,3,30,3,207,0,0,SECA
2024-07-26,2024,7,26,4,30,3,208,0,0,SECA
2024-07-27,2024,7,27,5,30,3,209,1,0,SECA
2024-07-28,2024,7,28,6,30,3,210,1,0,SECA
2024-07-29,2024,7,29,0,31,3,211,0,0,SECA
2024-07-30,2024,7,30,1,31,3,212,0,0,SECA
2024-07-31,2024,7,31,2,31,3,213,0,0,SECA
2024-08-01,2024,8,1,3,31,3,214,0,0,SECA
2024-08-02,2024,8,2,4,31,3,215,0,0,SECA
2024-08-03,2024,8,3,5,31,3,216,1,0,SECA
2024-08-04,2024,8,4,6,31,3,217,1,0,SECA
2024-08-05,2024,8,5,0,32,3,218,0,0,SECA
2024-08-06,2024,8,6,1,32,3,219,0,0,SECA
2024-08-07,2024,8,7,2,32,3,220,0,0,SECA
2024-08-08,2024,8,8,3,32,3,221,0,0,SECA
2024-08-09,2024,8,9,4,32,3,222,0,0,SECA
2024-08-10,2024,8,10,5,32,3,223,1,0,SECA
2024-08-11,2024,8,11,6,32,3,224,1,0,SECA
2024-08-12,2024,8,12,0,33,3,225,0,0,SECA
2024-08-13,2024,8,13,1,33,3,226,0,0,SECA
2024-08-14,2024,8,14,2,33,3,227,0,0,SECA
2024-08-15,2024,8,15,3,33,3,228,0,0,SECA
2024-08-16,2024,8,16,4,33,3,229,0,0,SECA
2024-08-17,2024,8,17,5,33,3,230,1,0,SECA
2024-08-18,2024,8,18,6,33,3,231,1,0,SECA
2024-08-19,2024,8,19,0,34,3,232,0,0,SECA
2024-08-20,2024,8,20,1,34,3,233,0,0,SECA
2024-08-21,2024,8,21,2,34,3,234,0,0,SECA
2024-08-22,2024,8,22,3,34,3,235,0,0,SECA
2024-08-23,2024,8,23,4,34,3,236,0,0,SECA
2024-08-24,2024,8,24,5,34,3,237,1,0,SECA
2024-08-25,2024,8,25,6,34,3,238,1,0,SECA
2024-08-26,2024,8,26,0,35,3,239,0,0,SECA
2024-08-27,2024,8,27,1,35,3,240,0,0,SECA
2024-08-28,2024,8,28,2,35,3,241,0,0,SECA
2024-08-29,2024,8,29,3,35,3,242,0,0,SECA
2024-08-30,2024,8,30,4,35,3,243,0,0,SECA
2024-08-31,2024,8,31,5,35,3,244,1,0,SECA
2024-09-01,2024,9,1,6,35,3,245,1,0,SECA
2024-09-02,2024,9,2,0,36,3,246,0,0,SECA
2024-09-03,2024,9,3,1,36,3,247,0,0,SECA
2024-09-04,2024,9,4,2,36,3,248,0,0,SECA
2024-09-05,2024,9,5,3,36,3,249,0,0,SECA
2024-09-06,2024,9,6,4,36,3,250,0,0,SECA
2024-09-07,2024,9,7,5,36,3,251,1,0,SECA
2024-09-08,2024,9,8,6,36,3,252,1,0,SECA
2024-09-09,2024,9,9,0,37,3,253,0,0,SECA
2024-09-10,2024,9,10,1,37,3,254,0,0,SECA
2024-09-11,2024,9,11,2,37,3,255,0,0,SECA
2024-09-12,2024,9,12,3,37,3,256,0,0,SECA
2024-09-13,2024,9,13,4,37,3,257,0,0,SECA
2024-09-14,2024,9,14,5,37,3,258,1,0,SECA
2024-09-15,2024,9,15,6,37,3,259,1,0,SECA
2024-09-16,2024,9,16,0,38,3,260,0,0,SECA
2024-09-17,2024,9,17,1,38,3,261,0,0,SECA
2024-09-18,2024,9,18,2,38,3,262,0,0,SECA
2024-09-19,2024,9,19,3,38,3,263,0,0,SECA
2024-09-20,2024,9,20,4,38,3,264,0,0,SECA
2024-09-21,2024,9,21,5,38,3,265,1,0,SECA
2024-09-22,2024,9,22,6,38,3,266,1,0,SECA
2024-09-23,2024,9,23,0,39,3,267,0,0,SECA
2024-09-24,2024,9,24,1,39,3,268,0,0,SECA
2024-09-25,2024,9,25,2,39,3,269,0,0,SECA
2024-09-26,2024,9,26,3,39,3,270,0,0,SECA
2024-09-27,2024,9,27,4,39,3,271,0,0,SECA
2024-09-28,2024,9,28,5,39,3,272,1,0,SECA
2024-09-29,2024,9,29,6,39,3,273,1,0,SECA
2024-09-30,2024,9,30,0,40,3,274,0,0,SECA
2024-10-01,2024,10,1,1,40,4,275,0,0,TRANSICAO_SECA_CHUVA
2024-10-02,2024,10,2,2,40,4,276,0,0,TRANSICAO_SECA_CHUVA
2024-10-03,2024,10,3,3,40,4,277,0,0,TRANSICAO_SECA_CHUVA
2024-10-04,2024,10,4,4,40,4,278,0,0,TRANSICAO_SECA_CHUVA
2024-10-05,2024,10,5,5,40,4,279,1,0,TRANSICAO_SECA_CHUVA
2024-10-06,2024,10,6,6,40,4,280,1,0,TRANSICAO_SECA_CHUVA
2024-10-07,2024,10,7,0,41,4,281,0,0,TRANSICAO_SECA_CHUVA
2024-10-08,2024,10,8,1,41,4,282,0,0,TRANSICAO_SECA_CHUVA
2024-10-09,2024,10,9,2,41,4,283,0,0,TRANSICAO_SECA_CHUVA
2024-10-10,2024,10,10,3,41,4,284,0,0,TRANSICAO_SECA_CHUVA
2024-10-11,2024,10,11,4,41,4,285,0,0,TRANSICAO_SECA_CHUVA
2024-10-12,2024,10,12,5,41,4,286,1,0,TRANSICAO_SECA_CHUVA
2024-10-13,2024,10,13,6,41,4,287,1,0,TRANSICAO_SECA_CHUVA
2024-10-14,2024,10,14,0,42,4,288,0,0,TRANSICAO_SECA_CHUVA
2024-10-15,2024,10,15,1,42,4,289,0,0,TRANSICAO_SECA_CHUVA
2024-10-16,2024,10,16,2,42,4,290,0,0,TRANSICAO_SECA_CHUVA
2024-10-17,2024,10,17,3,42,4,291,0,0,TRANSICAO_SECA_CHUVA
2024-10-18,2024,10,18,4,42,4,292,0,0,TRANSICAO_SECA_CHUVA
2024-10-19,2024,10,19,5,42,4,293,1,0,TRANSICAO_SECA_CHUVA
2024-10-20,2024,10,20,6,42,4,294,1,0,TRANSICAO_SECA_CHUVA
2024-10-21,2024,10,21,0,43,4,295,0,0,TRANSICAO_SECA_CHUVA
2024-10-22,2024,10,22,1,43,4,296,0,0,TRANSICAO_SECA_CHUVA
2024-10-23,2024,10,23,2,43,4,297,0,0,TRANSICAO_SECA_CHUVA
2024-10-24,2024,10,24,3,43,4,298,0,0,TRANSICAO_SECA_CHUVA
2024-10-25,2024,10,25,4,43,4,299,0,0,TRANSICAO_SECA_CHUVA
2024-10-26,2024,10,26,5,43,4,300,1,0,TRANSICAO_SECA_CHUVA
2024-10-27,2024,10,27,6,43,4,301,1,0,TRANSICAO_SECA_CHUVA
2024-10-28,2024,10,28,0,44,4,302,0,0,TRANSICAO_SECA_CHUVA
2024-10-29,2024,10,29,1,44,4,303,0,0,TRANSICAO_SECA_CHUVA
2024-10-30,2024,10,30,2,44,4,304,0,0,TRANSICAO_SECA_CHUVA
2024-10-31,2024,10,31,3,44,4,305,0,0,TRANSICAO_SECA_CHUVA
2024-11-01,2024,11,1,4,44,4,306,0,0,CHUVOSA
2024-11-02,2024,11,2,5,44,4,307,1,0,CHUVOSA
2024-11-03,2024,11,3,6,44,4,308,1,0,CHUVOSA
2024-11-04,2024,11,4,0,45,4,309,0,0,CHUVOSA
2024-11-05,2024,11,5,1,45,4,310,0,0,CHUVOSA
2024-11-06,2024,11,6,2,45,4,311,0,0,CHUVOSA
2024-11-07,2024,11,7,3,45,4,312,0,0,CHUVOSA
2024-11-08,2024,11,8,4,45,4,313,0,0,CHUVOSA
2024-11-09,2024,11,9,5,45,4,314,1,0,CHUVOSA
2024-11-10,2024,11,10,6,45,4,315,1,0,CHUVOSA
2024-11-11,2024,11,11,0,46,4,316,0,0,CHUVOSA
2024-11-12,2024,11,12,1,46,4,317,0,0,CHUVOSA
2024-11-13,2024,11,13,2,46,4,318,0,0,CHUVOSA
2024-11-14,2024,11,14,3,46,4,319,0,0,CHUVOSA
2024-11-15,2024,11,15,4,46,4,320,0,0,CHUVOSA
2024-11-16,2024,11,16,5,46,4,321,1,0,CHUVOSA
2024-11-17,2024,11,17,6,46,4,322,1,0,CHUVOSA
2024-11-18,2024,11,18,0,47,4,323,0,0,CHUVOSA
2024-11-19,2024,11,19,1,47,4,324,0,0,CHUVOSA
2024-11-20,2024,11,20,2,47,4,325,0,0,CHUVOSA
2024-11-21,2024,11,21,3,47,4,326,0,0,CHUVOSA
2024-11-22,2024,11,22,4,47,4,327,0,0,CHUVOSA
2024-11-23,2024,11,23,5,47,4,328,1,0,CHUVOSA
2024-11-24,2024,11,24,6,47,4,329,1,0,CHUVOSA
2024-11-25,2024,11,25,0,48,4,330,0,0,CHUVOSA
2024-11-26,2024,11,26,1,48,4,331,0,0,CHUVOSA
2024-11-27,2024,11,27,2,48,4,332,0,0,CHUVOSA
2024-11-28,2024,11,28,3,48,4,333,0,0,CHUVOSA
2024-11-29,2024,11,29,4,48,4,334,0,0,CHUVOSA
2024-11-30,2024,11,30,5,48,4,335,1,0,CHUVOSA
2024-12-01,2024,12,1,6,48,4,336,1,0,CHUVOSA
2024-12-02,2024,12,2,0,49,4,337,0,0,CHUVOSA
2024-12-03,2024,12,3,1,49,4,338,0,0,CHUVOSA
2024-12-04,2024,12,4,2,49,4,339,0,0,CHUVOSA
2024-12-05,2024,12,5,3,49,4,340,0,0,CHUVOSA
2024-12-06,2024,12,6,4,49,4,341,0,0,CHUVOSA
2024-12-07,2024,12,7,5,49,4,342,1,0,CHUVOSA
2024-12-08,2024,12,8,6,49,4,343,1,0,CHUVOSA
2024-12-09,2024,12,9,0,50,4,344,0,0,CHUVOSA
2024-12-10,2024,12,10,1,50,4,345,0,0,CHUVOSA
2024-12-11,2024,12,11,2,50,4,346,0,0,CHUVOSA
2024-12-12,2024,12,12,3,50,4,347,0,0,CHUVOSA
2024-12-13,2024,12,13,4,50,4,348,0,0,CHUVOSA
2024-12-14,2024,12,14,5,50,4,349,1,0,CHUVOSA
2024-12-15,2024,12,15,6,50,4,350,1,0,CHUVOSA
2024-12-16,2024,12,16,0,51,4,351,0,0,CHUVOSA
2024-12-17,2024,12,17,1,51,4,352,0,0,CHUVOSA
2024-12-18,2024,12,18,2,51,4,353,0,0,CHUVOSA
2024-12-19,2024,12,19,3,51,4,354,0,0,CHUVOSA
2024-12-20,2024,12,20,4,51,4,355,0,0,CHUVOSA
2024-12-21,2024,12,21,5,51,4,356,1,0,CHUVOSA
2024-12-22,2024,12,22,6,51,4,357,1,0,CHUVOSA
2024-12-23,2024,12,23,0,52,4,358,0,0,CHUVOSA
2024-12-24,2024,12,24,1,52,4,359,0,0,CHUVOSA
2024-12-25,2024,12,25,2,52,4,360,0,0,CHUVOSA
2024-12-26,2024,12,26,3,52,4,361,0,0,CHUVOSA
2024-12-27,2024,12,27,4,52,4,362,0,0,CHUVOSA
2024-12-28,2024,12,28,5,52,4,363,1,0,CHUVOSA
2024-12-29,2024,12,29,6,52,4,364,1,0,CHUVOSA
2024-12-30,2024,12,30,0,1,4,365,0,0,CHUVOSA
2024-12-31,2024,12,31,1,1,4,366,0,0,CHUVOSA
2025-01-01,2025,1,1,2,1,1,1,0,0,CHUVOSA
2025-01-02,2025,1,2,3,1,1,2,0,0,CHUVOSA
2025-01-03,2025,1,3,4,1,1,3,0,0,CHUVOSA
2025-01-04,2025,1,4,5,1,1,4,1,0,CHUVOSA
2025-01-05,2025,1,5,6,1,1,5,1,0,CHUVOSA
2025-01-06,2025,1,6,0,2,1,6,0,0,CHUVOSA
2025-01-07,2025,1,7,1,2,1,7,0,0,CHUVOSA
2025-01-08,2025,1,8,2,2,1,8,0,0,CHUVOSA
2025-01-09,2025,1,9,3,2,1,9,0,0,CHUVOSA
2025-01-10,2025,1,10,4,2,1,10,0,0,CHUVOSA
2025-01-11,2025,1,11,5,2,1,11,1,0,CHUVOSA
2025-01-12,2025,1,12,6,2,1,12,1,0,CHUVOSA
2025-01-13,2025,1,13,0,3,1,13,0,0,CHUVOSA
2025-01-14,2025,1,14,1,3,1,14,0,0,CHUVOSA
2025-01-15,2025,1,15,2,3,1,15,0,0,CHUVOSA
2025-01-16,2025,1,16,3,3,1,16,0,0,CHUVOSA
2025-01-17,2025,1,17,4,3,1,17,0,0,CHUVOSA
2025-01-18,2025,1,18,5,3,1,18,1,0,CHUVOSA
2025-01-19,2025,1,19,6,3,1,19,1,0,CHUVOSA
2025-01-20,2025,1,20,0,4,1,20,0,0,CHUVOSA
2025-01-21,2025,1,21,1,4,1,21,0,0,CHUVOSA
2025-01-22,2025,1,22,2,4,1,22,0,0,CHUVOSA
2025-01-23,2025,1,23,3,4,1,23,0,0,CHUVOSA
2025-01-24,2025,1,24,4,4,1,24,0,0,CHUVOSA
2025-01-25,2025,1,25,5,4,1,25,1,0,CHUVOSA
2025-01-26,2025,1,26,6,4,1,26,1,0,CHUVOSA
2025-01-27,2025,1,27,0,5,1,27,0,0,CHUVOSA
2025-01-28,2025,1,28,1,5,1,28,0,0,CHUVOSA
2025-01-29,2025,1,29,2,5,1,29,0,0,CHUVOSA
2025-01-30,2025,1,30,3,5,1,30,0,0,CHUVOSA
2025-01-31,2025,1,31,4,5,1,31,0,0,CHUVOSA
2025-02-01,2025,2,1,5,5,1,32,1,0,CHUVOSA
2025-02-02,2025,2,2,6,5,1,33,1,0,CHUVOSA
2025-02-03,2025,2,3,0,6,1,34,0,0,CHUVOSA
2025-02-04,2025,2,4,1,6,1,35,0,0,CHUVOSA
2025-02-05,2025,2,5,2,6,1,36,0,0,CHUVOSA
2025-02-06,2025,2,6,3,6,1,37,0,0,CHUVOSA
2025-02-07,2025,2,7,4,6,1,38,0,0,CHUVOSA
2025-02-08,2025,2,8,5,6,1,39,1,0,CHUVOSA
2025-02-09,2025,2,9,6,6,1,40,1,0,CHUVOSA
2025-02-10,2025,2,10,0,7,1,41,0,0,CHUVOSA
2025-02-11,2025,2,11,1,7,1,42,0,0,CHUVOSA
2025-02-12,2025,2,12,2,7,1,43,0,0,CHUVOSA
2025-02-13,2025,2,13,3,7,1,44,0,0,CHUVOSA
2025-02-14,2025,2,14,4,7,1,45,0,0,CHUVOSA
2025-02-15,2025,2,15,5,7,1,46,1,0,CHUVOSA
2025-02-16,2025,2,16,6,7,1,47,1,0,CHUVOSA
2025-02-17,2025,2,17,0,8,1,48,0,0,CHUVOSA
2025-02-18,2025,2,18,1,8,1,49,0,0,CHUVOSA
2025-02-19,2025,2,19,2,8,1,50,0,0,CHUVOSA
2025-02-20,2025,2,20,3,8,1,51,0,0,CHUVOSA
2025-02-21,2025,2,21,4,8,1,52,0,0,CHUVOSA
2025-02-22,2025,2,22,5,8,1,53,1,0,CHUVOSA
2025-02-23,2025,2,23,6,8,1,54,1,0,CHUVOSA
2025-02-24,2025,2,24,0,9,1,55,0,0,CHUVOSA
2025-02-25,2025,2,25,1,9,1,56,0,0,CHUVOSA
2025-02-26,2025,2,26,2,9,1,57,0,0,CHUVOSA
2025-02-27,2025,2,27,3,9,1,58,0,0,CHUVOSA
2025-02-28,2025,2,28,4,9,1,59,0,0,CHUVOSA
2025-03-01,2025,3,1,5,9,1,60,1,0,CHUVOSA
2025-03-02,2025,3,2,6,9,1,61,1,0,CHUVOSA
2025-03-03,2025,3,3,0,10,1,62,0,0,CHUVOSA
2025-03-04,2025,3,4,1,10,1,63,0,0,CHUVOSA
2025-03-05,2025,3,5,2,10,1,64,0,0,CHUVOSA
2025-03-06,2025,3,6,3,10,1,65,0,0,CHUVOSA
2025-03-07,2025,3,7,4,10,1,66,0,0,CHUVOSA
2025-03-08,2025,3,8,5,10,1,67,1,0,CHUVOSA
2025-03-09,2025,3,9,6,10,1,68,1,0,CHUVOSA
2025-03-10,2025,3,10,0,11,1,69,0,0,CHUVOSA
2025-03-11,2025,3,11,1,11,1,70,0,0,CHUVOSA
2025-03-12,2025,3,12,2,11,1,71,0,0,CHUVOSA
2025-03-13,2025,3,13,3,11,1,72,0,0,CHUVOSA
2025-03-14,2025,3,14,4,11,1,73,0,0,CHUVOSA
2025-03-15,2025,3,15,5,11,1,74,1,0,CHUVOSA
2025-03-16,2025,3,16,6,11,1,75,1,0,CHUVOSA
2025-03-17,2025,3,17,0,12,1,76,0,0,CHUVOSA
2025-03-18,2025,3,18,1,12,1,77,0,0,CHUVOSA
2025-03-19,2025,3,19,2,12,1,78,0,0,CHUVOSA
2025-03-20,2025,3,20,3,12,1,79,0,0,CHUVOSA
2025-03-21,2025,3,21,4,12,1,80,0,0,CHUVOSA
2025-03-22,2025,3,22,5,12,1,81,1,0,CHUVOSA
2025-03-23,2025,3,23,6,12,1,82,1,0,CHUVOSA
2025-03-24,2025,3,24,0,13,1,83,0,0,CHUVOSA
2025-03-25,2025,3,25,1,13,1,84,0,0,CHUVOSA
2025-03-26,2025,3,26,2,13,1,85,0,0,CHUVOSA
2025-03-27,2025,3,27,3,13,1,86,0,0,CHUVOSA
2025-03-28,2025,3,28,4,13,1,87,0,0,CHUVOSA
2025-03-29,2025,3,29,5,13,1,88,1,0,CHUVOSA
2025-03-30,2025,3,30,6,13,1,89,1,0,CHUVOSA
2025-03-31,2025,3,31,0,14,1,90,0,0,CHUVOSA
2025-04-01,2025,4,1,1,14,2,91,0,0,TRANSICAO_CHUVA_SECA
2025-04-02,2025,4,2,2,14,2,92,0,0,TRANSICAO_CHUVA_SECA
2025-04-03,2025,4,3,3,14,2,93,0,0,TRANSICAO_CHUVA_SECA
2025-04-04,2025,4,4,4,14,2,94,0,0,TRANSICAO_CHUVA_SECA
2025-04-05,2025,4,5,5,14,2,95,1,0,TRANSICAO_CHUVA_SECA
2025-04-06,2025,4,6,6,14,2,96,1,0,TRANSICAO_CHUVA_SECA
2025-04-07,2025,4,7,0,15,2,97,0,0,TRANSICAO_CHUVA_SECA
2025-04-08,2025,4,8,1,15,2,98,0,0,TRANSICAO_CHUVA_SECA
2025-04-09,2025,4,9,2,15,2,99,0,0,TRANSICAO_CHUVA_SECA
2025-04-10,2025,4,10,3,15,2,100,0,0,TRANSICAO_CHUVA_SECA
2025-04-11,2025,4,11,4,15,2,101,0,0,TRANSICAO_CHUVA_SECA
2025-04-12,2025,4,12,5,15,2,102,1,0,TRANSICAO_CHUVA_SECA
2025-04-13,2025,4,13,6,15,2,103,1,0,TRANSICAO_CHUVA_SECA
2025-04-14,2025,4,14,0,16,2,104,0,0,TRANSICAO_CHUVA_SECA
2025-04-15,2025,4,15,1,16,2,105,0,0,TRANSICAO_CHUVA_SECA
2025-04-16,2025,4,16,2,16,2,106,0,0,TRANSICAO_CHUVA_SECA
2025-04-17,2025,4,17,3,16,2,107,0,0,TRANSICAO_CHUVA_SECA
2025-04-18,2025,4,18,4,16,2,108,0,0,TRANSICAO_CHUVA_SECA
2025-04-19,2025,4,19,5,16,2,109,1,0,TRANSICAO_CHUVA_SECA
2025-04-20,2025,4,20,6,16,2,110,1,0,TRANSICAO_CHUVA_SECA
2025-04-21,2025,4,21,0,17,2,111,0,0,TRANSICAO_CHUVA_SECA
2025-04-22,2025,4,22,1,17,2,112,0,0,TRANSICAO_CHUVA_SECA
2025-04-23,2025,4,23,2,17,2,113,0,0,TRANSICAO_CHUVA_SECA
2025-04-24,2025,4,24,3,17,2,114,0,0,TRANSICAO_CHUVA_SECA
2025-04-25,2025,4,25,4,17,2,115,0,0,TRANSICAO_CHUVA_SECA
2025-04-26,2025,4,26,5,17,2,116,1,0,TRANSICAO_CHUVA_SECA
2025-04-27,2025,4,27,6,17,2,117,1,0,TRANSICAO_CHUVA_SECA
2025-04-28,2025,4,28,0,18,2,118,0,0,TRANSICAO_CHUVA_SECA
2025-04-29,2025,4,29,1,18,2,119,0,0,TRANSICAO_CHUVA_SECA
2025-04-30,2025,4,30,2,18,2,120,0,0,TRANSICAO_CHUVA_SECA
2025-05-01,2025,5,1,3,18,2,121,0,0,SECA
2025-05-02,2025,5,2,4,18,2,122,0,0,SECA
2025-05-03,2025,5,3,5,18,2,123,1,0,SECA
2025-05-04,2025,5,4,6,18,2,124,1,0,SECA
2025-05-05,2025,5,5,0,19,2,125,0,0,SECA
2025-05-06,2025,5,6,1,19,2,126,0,0,SECA
2025-05-07,2025,5,7,2,19,2,127,0,0,SECA
2025-05-08,2025,5,8,3,19,2,128,0,0,SECA
2025-05-09,2025,5,9,4,19,2,129,0,0,SECA
2025-05-10,2025,5,10,5,19,2,130,1,0,SECA
2025-05-11,2025,5,11,6,19,2,131,1,0,SECA
2025-05-12,2025,5,12,0,20,2,132,0,0,SECA
2025-05-13,2025,5,13,1,20,2,133,0,0,SECA
2025-05-14,2025,5,14,2,20,2,134,0,0,SECA
2025-05-15,2025,5,15,3,20,2,135,0,0,SECA
2025-05-16,2025,5,16,4,20,2,136,0,0,SECA
2025-05-17,2025,5,17,5,20,2,137,1,0,SECA
2025-05-18,2025,5,18,6,20,2,138,1,0,SECA
2025-05-19,2025,5,19,0,21,2,139,0,0,SECA
2025-05-20,2025,5,20,1,21,2,140,0,0,SECA
2025-05-21,2025,5,21,2,21,2,141,0,0,SECA
2025-05-22,2025,5,22,3,21,2,142,0,0,SECA
2025-05-23,2025,5,23,4,21,2,143,0,0,SECA
2025-05-24,2025,5,24,5,21,2,144,1,0,SECA
2025-05-25,2025,5,25,6,21,2,145,1,0,SECA
2025-05-26,2025,5,26,0,22,2,146,0,0,SECA
2025-05-27,2025,5,27,1,22,2,147,0,0,SECA
2025-05-28,2025,5,28,2,22,2,148,0,0,SECA
2025-05-29,2025,5,29,3,22,2,149,0,0,SECA
2025-05-30,2025,5,30,4,22,2,150,0,0,SECA
2025-05-31,2025,5,31,5,22,2,151,1,0,SECA
2025-06-01,2025,6,1,6,22,2,152,1,0,SECA
2025-06-02,2025,6,2,0,23,2,153,0,0,SECA
2025-06-03,2025,6,3,1,23,2,154,0,0,SECA
2025-06-04,2025,6,4,2,23,2,155,0,0,SECA
2025-06-05,2025,6,5,3,23,2,156,0,0,SECA
2025-06-06,2025,6,6,4,23,2,157,0,0,SECA
2025-06-07,2025,6,7,5,23,2,158,1,0,SECA
2025-06-08,2025,6,8,6,23,2,159,1,0,SECA
2025-06-09,2025,6,9,0,24,2,160,0,0,SECA
2025-06-10,2025,6,10,1,24,2,161,0,0,SECA
2025-06-11,2025,6,11,2,24,2,162,0,0,SECA
2025-06-12,2025,6,12,3,24,2,163,0,0,SECA
2025-06-13,2025,6,13,4,24,2,164,0,0,SECA
2025-06-14,2025,6,14,5,24,2,165,1,0,SECA
2025-06-15,2025,6,15,6,24,2,166,1,0,SECA
2025-06-16,2025,6,16,0,25,2,167,0,0,SECA
2025-06-17,2025,6,17,1,25,2,168,0,0,SECA
2025-06-18,2025,6,18,2,25,2,169,0,0,SECA
2025-06-19,2025,6,19,3,25,2,170,0,0,SECA
2025-06-20,2025,6,20,4,25,2,171,0,0,SECA
2025-06-21,2025,6,21,5,25,2,172,1,0,SECA
2025-06-22,2025,6,22,6,25,2,173,1,0,SECA
2025-06-23,2025,6,23,0,26,2,174,0,0,SECA
2025-06-24,2025,6,24,1,26,2,175,0,0,SECA
2025-06-25,2025,6,25,2,26,2,176,0,0,SECA
2025-06-26,2025,6,26,3,26,2,177,0,0,SECA
2025-06-27,2025,6,27,4,26,2,178,0,0,SECA
2025-06-28,2025,6,28,5,26,2,179,1,0,SECA
2025-06-29,2025,6,29,6,26,2,180,1,0,SECA
2025-06-30,2025,6,30,0,27,2,181,0,0,SECA
2025-07-01,2025,7,1,1,27,3,182,0,0,SECA
2025-07-02,2025,7,2,2,27,3,183,0,0,SECA
2025-07-03,2025,7,3,3,27,3,184,0,0,SECA
2025-07-04,2025,7,4,4,27,3,185,0,0,SECA
2025-07-05,2025,7,5,5,27,3,186,1,0,SECA
2025-07-06,2025,7,6,6,27,3,187,1,0,SECA
2025-07-07,2025,7,7,0,28,3,188,0,0,SECA
2025-07-08,2025,7,8,1,28,3,189,0,0,SECA
2025-07-09,2025,7,9,2,28,3,190,0,0,SECA
2025-07-10,2025,7,10,3,28,3,191,0,0,SECA
2025-07-11,2025,7,11,4,28,3,192,0,0,SECA
2025-07-12,2025,7,12,5,28,3,193,1,0,SECA
2025-07-13,2025,7,13,6,28,3,194,1,0,SECA
2025-07-14,2025,7,14,0,29,3,195,0,0,SECA
2025-07-15,2025,7,15,1,29,3,196,0,0,SECA
2025-07-16,2025,7,16,2,29,3,197,0,0,SECA
2025-07-17,2025,7,17,3,29,3,198,0,0,SECA
2025-07-18,2025,7,18,4,29,3,199,0,0,SECA
2025-07-19,2025,7,19,5,29,3,200,1,0,SECA
2025-07-20,2025,7,20,6,29,3,201,1,0,SECA
2025-07-21,2025,7,21,0,30,3,202,0,0,SECA
2025-07-22,2025,7,22,1,30,3,203,0,0,SECA
2025-07-23,2025,7,23,2,30,3,204,0,0,SECA
2025-07-24,2025,7,24,3,30,3,205,0,0,SECA
2025-07-25,2025,7,25,4,30,3,206,0,0,SECA
2025-07-26,2025,7,26,5,30,3,207,1,0,SECA
2025-07-27,2025,7,27,6,30,3,208,1,0,SECA
2025-07-28,2025,7,28,0,31,3,209,0,0,SECA
2025-07-29,2025,7,29,1,31,3,210,0,0,SECA
2025-07-30,2025,7,30,2,31,3,211,0,0,SECA
2025-07-31,2025,7,31,3,31,3,212,0,0,SECA
2025-08-01,2025,8,1,4,31,3,213,0,0,SECA
2025-08-02,2025,8,2,5,31,3,214,1,0,SECA
2025-08-03,2025,8,3,6,31,3,215,1,0,SECA
2025-08-04,2025,8,4,0,32,3,216,0,0,SECA
2025-08-05,2025,8,5,1,32,3,217,0,0,SECA
2025-08-06,2025,8,6,2,32,3,218,0,0,SECA
2025-08-07,2025,8,7,3,32,3,219,0,0,SECA
2025-08-08,2025,8,8,4,32,3,220,0,0,SECA
2025-08-09,2025,8,9,5,32,3,221,1,0,SECA
2025-08-10,2025,8,10,6,32,3,222,1,0,SECA
2025-08-11,2025,8,11,0,33,3,223,0,0,SECA
2025-08-12,2025,8,12,1,33,3,224,0,0,SECA
2025-08-13,2025,8,13,2,33,3,225,0,0,SECA
2025-08-14,2025,8,14,3,33,3,226,0,0,SECA
2025-08-15,2025,8,15,4,33,3,227,0,0,SECA
2025-08-16,2025,8,16,5,33,3,228,1,0,SECA
2025-08-17,2025,8,17,6,33,3,229,1,0,SECA
2025-08-18,2025,8,18,0,34,3,230,0,0,SECA
2025-08-19,2025,8,19,1,34,3,231,0,0,SECA
2025-08-20,2025,8,20,2,34,3,232,0,0,SECA
2025-08-21,2025,8,21,3,34,3,233,0,0,SECA
2025-08-22,2025,8,22,4,34,3,234,0,0,SECA
2025-08-23,2025,8,23,5,34,3,235,1,0,SECA
2025-08-24,2025,8,24,6,34,3,236,1,0,SECA
2025-08-25,2025,8,25,0,35,3,237,0,0,SECA
2025-08-26,2025,8,26,1,35,3,238,0,0,SECA
2025-08-27,2025,8,27,2,35,3,239,0,0,SECA
2025-08-28,2025,8,28,3,35,3,240,0,0,SECA
2025-08-29,2025,8,29,4,35,3,241,0,0,SECA
2025-08-30,2025,8,30,5,35,3,242,1,0,SECA
2025-08-31,2025,8,31,6,35,3,243,1,0,SECA
2025-09-01,2025,9,1,0,36,3,244,0,0,SECA
2025-09-02,2025,9,2,1,36,3,245,0,0,SECA
2025-09-03,2025,9,3,2,36,3,246,0,0,SECA
2025-09-04,2025,9,4,3,36,3,247,0,0,SECA
2025-09-05,2025,9,5,4,36,3,248,0,0,SECA
2025-09-06,2025,9,6,5,36,3,249,1,0,SECA
2025-09-07,2025,9,7,6,36,3,250,1,0,SECA
2025-09-08,2025,9,8,0,37,3,251,0,0,SECA
2025-09-09,2025,9,9,1,37,3,252,0,0,SECA
2025-09-10,2025,9,10,2,37,3,253,0,0,SECA
2025-09-11,2025,9,11,3,37,3,254,0,0,SECA
2025-09-12,2025,9,12,4,37,3,255,0,0,SECA
2025-09-13,2025,9,13,5,37,3,256,1,0,SECA
2025-09-14,2025,9,14,6,37,3,257,1,0,SECA
2025-09-15,2025,9,15,0,38,3,258,0,0,SECA
2025-09-16,2025,9,16,1,38,3,259,0,0,SECA
2025-09-17,2025,9,17,2,38,3,260,0,0,SECA
2025-09-18,2025,9,18,3,38,3,261,0,0,SECA
2025-09-19,2025,9,19,4,38,3,262,0,0,SECA
2025-09-20,2025,9,20,5,38,3,263,1,0,SECA
2025-09-21,2025,9,21,6,38,3,264,1,0,SECA
2025-09-22,2025,9,22,0,39,3,265,0,0,SECA
2025-09-23,2025,9,23,1,39,3,266,0,0,SECA
2025-09-24,2025,9,24,2,39,3,267,0,0,SECA
2025-09-25,2025,9,25,3,39,3,268,0,0,SECA
2025-09-26,2025,9,26,4,39,3,269,0,0,SECA
2025-09-27,2025,9,27,5,39,3,270,1,0,SECA
2025-09-28,2025,9,28,6,39,3,271,1,0,SECA
2025-09-29,2025,9,29,0,40,3,272,0,0,SECA
2025-09-30,2025,9,30,1,40,3,273,0,0,SECA
2025-10-01,2025,10,1,2,40,4,274,0,0,TRANSICAO_SECA_CHUVA
2025-10-02,2025,10,2,3,40,4,275,0,0,TRANSICAO_SECA_CHUVA
2025-10-03,2025,10,3,4,40,4,276,0,0,TRANSICAO_SECA_CHUVA
2025-10-04,2025,10,4,5,40,4,277,1,0,TRANSICAO_SECA_CHUVA
2025-10-05,2025,10,5,6,40,4,278,1,0,TRANSICAO_SECA_CHUVA
2025-10-06,2025,10,6,0,41,4,279,0,0,TRANSICAO_SECA_CHUVA
2025-10-07,2025,10,7,1,41,4,280,0,0,TRANSICAO_SECA_CHUVA
2025-10-08,2025,10,8,2,41,4,281,0,0,TRANSICAO_SECA_CHUVA
2025-10-09,2025,10,9,3,41,4,282,0,0,TRANSICAO_SECA_CHUVA
2025-10-10,2025,10,10,4,41,4,283,0,0,TRANSICAO_SECA_CHUVA
2025-10-11,2025,10,11,5,41,4,284,1,0,TRANSICAO_SECA_CHUVA
2025-10-12,2025,10,12,6,41,4,285,1,0,TRANSICAO_SECA_CHUVA
2025-10-13,2025,10,13,0,42,4,286,0,0,TRANSICAO_SECA_CHUVA
2025-10-14,2025,10,14,1,42,4,287,0,0,TRANSICAO_SECA_CHUVA
2025-10-15,2025,10,15,2,42,4,288,0,0,TRANSICAO_SECA_CHUVA
2025-10-16,2025,10,16,3,42,4,289,0,0,TRANSICAO_SECA_CHUVA
2025-10-17,2025,10,17,4,42,4,290,0,0,TRANSICAO_SECA_CHUVA
2025-10-18,2025,10,18,5,42,4,291,1,0,TRANSICAO_SECA_CHUVA
2025-10-19,2025,10,19,6,42,4,292,1,0,TRANSICAO_SECA_CHUVA
2025-10-20,2025,10,20,0,43,4,293,0,0,TRANSICAO_SECA_CHUVA
2025-10-21,2025,10,21,1,43,4,294,0,0,TRANSICAO_SECA_CHUVA
2025-10-22,2025,10,22,2,43,4,295,0,0,TRANSICAO_SECA_CHUVA
2025-10-23,2025,10,23,3,43,4,296,0,0,TRANSICAO_SECA_CHUVA
2025-10-24,2025,10,24,4,43,4,297,0,0,TRANSICAO_SECA_CHUVA
2025-10-25,2025,10,25,5,43,4,298,1,0,TRANSICAO_SECA_CHUVA
2025-10-26,2025,10,26,6,43,4,299,1,0,TRANSICAO_SECA_CHUVA
2025-10-27,2025,10,27,0,44,4,300,0,0,TRANSICAO_SECA_CHUVA
2025-10-28,2025,10,28,1,44,4,301,0,0,TRANSICAO_SECA_CHUVA
2025-10-29,2025,10,29,2,44,4,302,0,0,TRANSICAO_SECA_CHUVA
2025-10-30,2025,10,30,3,44,4,303,0,0,TRANSICAO_SECA_CHUVA
2025-10-31,2025,10,31,4,44,4,304,0,0,TRANSICAO_SECA_CHUVA
2025-11-01,2025,11,1,5,44,4,305,1,0,CHUVOSA
2025-11-02,2025,11,2,6,44,4,306,1,0,CHUVOSA
2025-11-03,2025,11,3,0,45,4,307,0,0,CHUVOSA
2025-11-04,2025,11,4,1,45,4,308,0,0,CHUVOSA
2025-11-05,2025,11,5,2,45,4,309,0,0,CHUVOSA
2025-11-06,2025,11,6,3,45,4,310,0,0,CHUVOSA
2025-11-07,2025,11,7,4,45,4,311,0,0,CHUVOSA
2025-11-08,2025,11,8,5,45,4,312,1,0,CHUVOSA
2025-11-09,2025,11,9,6,45,4,313,1,0,CHUVOSA
2025-11-10,2025,11,10,0,46,4,314,0,0,CHUVOSA
2025-11-11,2025,11,11,1,46,4,315,0,0,CHUVOSA
2025-11-12,2025,11,12,2,46,4,316,0,0,CHUVOSA
2025-11-13,2025,11,13,3,46,4,317,0,0,CHUVOSA
2025-11-14,2025,11,14,4,46,4,318,0,0,CHUVOSA
2025-11-15,2025,11,15,5,46,4,319,1,0,CHUVOSA
2025-11-16,2025,11,16,6,46,4,320,1,0,CHUVOSA
2025-11-17,2025,11,17,0,47,4,321,0,0,CHUVOSA
2025-11-18,2025,11,18,1,47,4,322,0,0,CHUVOSA
2025-11-19,2025,11,19,2,47,4,323,0,0,CHUVOSA
2025-11-20,2025,11,20,3,47,4,324,0,0,CHUVOSA
2025-11-21,2025,11,21,4,47,4,325,0,0,CHUVOSA
2025-11-22,2025,11,22,5,47,4,326,1,0,CHUVOSA
2025-11-23,2025,11,23,6,47,4,327,1,0,CHUVOSA
2025-11-24,2025,11,24,0,48,4,328,0,0,CHUVOSA
2025-11-25,2025,11,25,1,48,4,329,0,0,CHUVOSA
2025-11-26,2025,11,26,2,48,4,330,0,0,CHUVOSA
2025-11-27,2025,11,27,3,48,4,331,0,0,CHUVOSA
2025-11-28,2025,11,28,4,48,4,332,0,0,CHUVOSA
2025-11-29,2025,11,29,5,48,4,333,1,0,CHUVOSA
2025-11-30,2025,11,30,6,48,4,334,1,0,CHUVOSA
2025-12-01,2025,12,1,0,49,4,335,0,0,CHUVOSA
2025-12-02,2025,12,2,1,49,4,336,0,0,CHUVOSA
2025-12-03,2025,12,3,2,49,4,337,0,0,CHUVOSA
2025-12-04,2025,12,4,3,49,4,338,0,0,CHUVOSA
2025-12-05,2025,12,5,4,49,4,339,0,0,CHUVOSA
2025-12-06,2025,12,6,5,49,4,340,1,0,CHUVOSA
2025-12-07,2025,12,7,6,49,4,341,1,0,CHUVOSA
2025-12-08,2025,12,8,0,50,4,342,0,0,CHUVOSA
2025-12-09,2025,12,9,1,50,4,343,0,0,CHUVOSA
2025-12-10,2025,12,10,2,50,4,344,0,0,CHUVOSA
2025-12-11,2025,12,11,3,50,4,345,0,0,CHUVOSA
2025-12-12,2025,12,12,4,50,4,346,0,0,CHUVOSA
2025-12-13,2025,12,13,5,50,4,347,1,0,CHUVOSA
2025-12-14,2025,12,14,6,50,4,348,1,0,CHUVOSA
2025-12-15,2025,12,15,0,51,4,349,0,0,CHUVOSA
2025-12-16,2025,12,16,1,51,4,350,0,0,CHUVOSA
2025-12-17,2025,12,17,2,51,4,351,0,0,CHUVOSA
2025-12-18,2025,12,18,3,51,4,352,0,0,CHUVOSA
2025-12-19,2025,12,19,4,51,4,353,0,0,CHUVOSA
2025-12-20,2025,12,20,5,51,4,354,1,0,CHUVOSA
2025-12-21,2025,12,21,6,51,4,355,1,0,CHUVOSA
2025-12-22,2025,12,22,0,52,4,356,0,0,CHUVOSA
2025-12-23,2025,12,23,1,52,4,357,0,0,CHUVOSA
2025-12-24,2025,12,24,2,52,4,358,0,0,CHUVOSA
2025-12-25,2025,12,25,3,52,4,359,0,0,CHUVOSA
2025-12-26,2025,12,26,4,52,4,360,0,0,CHUVOSA
2025-12-27,2025,12,27,5,52,4,361,1,0,CHUVOSA
2025-12-28,2025,12,28,6,52,4,362,1,0,CHUVOSA
2025-12-29,2025,12,29,0,1,4,363,0,0,CHUVOSA
2025-12-30,2025,12,30,1,1,4,364,0,0,CHUVOSA
2025-12-31,2025,12,31,2,1,4,365,0,0,CHUVOSA
